-- MySQL dump 10.13  Distrib 5.7.17, for Win64 (x86_64)
--
-- Host: localhost    Database: vivienda
-- ------------------------------------------------------
-- Server version	5.7.18-log

/*!40101 SET @OLD_CHARACTER_SET_CLIENT=@@CHARACTER_SET_CLIENT */;
/*!40101 SET @OLD_CHARACTER_SET_RESULTS=@@CHARACTER_SET_RESULTS */;
/*!40101 SET @OLD_COLLATION_CONNECTION=@@COLLATION_CONNECTION */;
/*!40101 SET NAMES utf8 */;
/*!40103 SET @OLD_TIME_ZONE=@@TIME_ZONE */;
/*!40103 SET TIME_ZONE='+00:00' */;
/*!40014 SET @OLD_UNIQUE_CHECKS=@@UNIQUE_CHECKS, UNIQUE_CHECKS=0 */;
/*!40014 SET @OLD_FOREIGN_KEY_CHECKS=@@FOREIGN_KEY_CHECKS, FOREIGN_KEY_CHECKS=0 */;
/*!40101 SET @OLD_SQL_MODE=@@SQL_MODE, SQL_MODE='NO_AUTO_VALUE_ON_ZERO' */;
/*!40111 SET @OLD_SQL_NOTES=@@SQL_NOTES, SQL_NOTES=0 */;

--
-- Table structure for table `audit`
--

DROP TABLE IF EXISTS `audit`;
/*!40101 SET @saved_cs_client     = @@character_set_client */;
/*!40101 SET character_set_client = utf8 */;
CREATE TABLE `audit` (
  `idaudit` int(11) NOT NULL,
  `fechaAudit` date DEFAULT NULL,
  `accion` varchar(45) DEFAULT NULL,
  `tablaNombre` varchar(45) DEFAULT NULL,
  `usuario_idUsuario` int(11) NOT NULL,
  PRIMARY KEY (`idaudit`),
  KEY `fk_audit_usuario1_idx` (`usuario_idUsuario`),
  CONSTRAINT `fk_audit_usuario1` FOREIGN KEY (`usuario_idUsuario`) REFERENCES `usuario` (`idUsuario`) ON DELETE NO ACTION ON UPDATE NO ACTION
) ENGINE=InnoDB DEFAULT CHARSET=utf8;
/*!40101 SET character_set_client = @saved_cs_client */;

--
-- Dumping data for table `audit`
--

LOCK TABLES `audit` WRITE;
/*!40000 ALTER TABLE `audit` DISABLE KEYS */;
/*!40000 ALTER TABLE `audit` ENABLE KEYS */;
UNLOCK TABLES;

--
-- Table structure for table `concepto`
--

DROP TABLE IF EXISTS `concepto`;
/*!40101 SET @saved_cs_client     = @@character_set_client */;
/*!40101 SET character_set_client = utf8 */;
CREATE TABLE `concepto` (
  `idconcepto` int(11) NOT NULL,
  `nombre` varchar(45) DEFAULT NULL,
  `descripcion` varchar(80) DEFAULT NULL,
  `activo` tinyint(1) NOT NULL,
  PRIMARY KEY (`idconcepto`)
) ENGINE=InnoDB DEFAULT CHARSET=utf8;
/*!40101 SET character_set_client = @saved_cs_client */;

--
-- Dumping data for table `concepto`
--

LOCK TABLES `concepto` WRITE;
/*!40000 ALTER TABLE `concepto` DISABLE KEYS */;
INSERT INTO `concepto` VALUES (0,'devolucion','devolucion general',1),(1,'Reparacion','reparacion en general',1),(2,'Arreglo sanitaria','arreglos sanitaria',1),(3,'Arreglo electrico','Arreglo electrico',1);
/*!40000 ALTER TABLE `concepto` ENABLE KEYS */;
UNLOCK TABLES;

--
-- Table structure for table `configuracion`
--

DROP TABLE IF EXISTS `configuracion`;
/*!40101 SET @saved_cs_client     = @@character_set_client */;
/*!40101 SET character_set_client = utf8 */;
CREATE TABLE `configuracion` (
  `nombreTabla` varchar(45) NOT NULL,
  `id` int(11) DEFAULT NULL,
  PRIMARY KEY (`nombreTabla`)
) ENGINE=InnoDB DEFAULT CHARSET=utf8;
/*!40101 SET character_set_client = @saved_cs_client */;

--
-- Dumping data for table `configuracion`
--

LOCK TABLES `configuracion` WRITE;
/*!40000 ALTER TABLE `configuracion` DISABLE KEYS */;
INSERT INTO `configuracion` VALUES ('1',80),('2',123),('3',124),('4',150),('5',230),('Concepto',4),('Convenio',3),('CuotaConvenio',10),('Estado',3),('GastosComunes',2141),('Grupo',2),('HistorialTrabajo',3),('Material',4),('ReglaBonificacion',8),('Tecnico',5),('TipoDuracion',3),('TipoUsuario',6),('Trabajo',3),('Unidad',938),('Urgencia',21),('Usuario',6);
/*!40000 ALTER TABLE `configuracion` ENABLE KEYS */;
UNLOCK TABLES;

--
-- Table structure for table `convenio`
--

DROP TABLE IF EXISTS `convenio`;
/*!40101 SET @saved_cs_client     = @@character_set_client */;
/*!40101 SET character_set_client = utf8 */;
CREATE TABLE `convenio` (
  `idconvenio` int(11) NOT NULL,
  `deudaTotal` int(11) DEFAULT NULL,
  `cuotas` int(11) DEFAULT NULL,
  `saldoInicial` int(11) DEFAULT NULL,
  `descripcion` varchar(80) DEFAULT NULL,
  `activo` tinyint(1) DEFAULT NULL,
  `monto_idmonto` int(11) NOT NULL,
  `unidad_idUnidad` int(11) NOT NULL,
  `reglaBonificacion_idreglaBonificacion` int(11) NOT NULL,
  PRIMARY KEY (`idconvenio`,`unidad_idUnidad`),
  KEY `fk_convenio_monto1_idx` (`monto_idmonto`),
  KEY `fk_convenio_unidad1_idx` (`unidad_idUnidad`),
  KEY `fk_convenio_reglaBonificacion1_idx` (`reglaBonificacion_idreglaBonificacion`),
  CONSTRAINT `fk_convenio_monto1` FOREIGN KEY (`monto_idmonto`) REFERENCES `monto` (`idmonto`) ON DELETE NO ACTION ON UPDATE NO ACTION,
  CONSTRAINT `fk_convenio_reglaBonificacion1` FOREIGN KEY (`reglaBonificacion_idreglaBonificacion`) REFERENCES `reglabonificacion` (`idreglaBonificacion`) ON DELETE NO ACTION ON UPDATE NO ACTION,
  CONSTRAINT `fk_convenio_unidad1` FOREIGN KEY (`unidad_idUnidad`) REFERENCES `unidad` (`idUnidad`) ON DELETE NO ACTION ON UPDATE NO ACTION
) ENGINE=InnoDB DEFAULT CHARSET=utf8;
/*!40101 SET character_set_client = @saved_cs_client */;

--
-- Dumping data for table `convenio`
--

LOCK TABLES `convenio` WRITE;
/*!40000 ALTER TABLE `convenio` DISABLE KEYS */;
INSERT INTO `convenio` VALUES (-1,230,5,0,NULL,0,1,1,0),(0,124,11,0,NULL,1,1,12,0),(0,124,10,0,NULL,0,1,14,0),(0,124,10,0,NULL,1,1,16,2),(0,124,13,0,'Primero Convenio',0,1,36,3),(1,123,10,120,NULL,1,1,9,0),(2,124,10,0,'Convenio con Eva',1,1,10,0);
/*!40000 ALTER TABLE `convenio` ENABLE KEYS */;
UNLOCK TABLES;

--
-- Table structure for table `cuotaconvenio`
--

DROP TABLE IF EXISTS `cuotaconvenio`;
/*!40101 SET @saved_cs_client     = @@character_set_client */;
/*!40101 SET character_set_client = utf8 */;
CREATE TABLE `cuotaconvenio` (
  `idcuotaConvenio` int(11) NOT NULL,
  `numeroCuota` int(11) DEFAULT NULL,
  `descripcion` varchar(80) DEFAULT NULL,
  `pago` tinyint(1) DEFAULT NULL,
  `convenio_idconvenio` int(11) NOT NULL,
  `convenio_unidad_idUnidad` int(11) NOT NULL,
  `monto_idmonto` int(11) NOT NULL,
  `tieneBonificacion` tinyint(1) DEFAULT NULL,
  `fechaPago` date DEFAULT NULL,
  PRIMARY KEY (`idcuotaConvenio`,`convenio_idconvenio`,`convenio_unidad_idUnidad`,`monto_idmonto`),
  KEY `fk_cuotaConvenio_convenio1_idx` (`convenio_idconvenio`,`convenio_unidad_idUnidad`),
  KEY `fk_cuotaConvenio_monto1_idx` (`monto_idmonto`),
  CONSTRAINT `fk_cuotaConvenio_convenio1` FOREIGN KEY (`convenio_idconvenio`, `convenio_unidad_idUnidad`) REFERENCES `convenio` (`idconvenio`, `unidad_idUnidad`) ON DELETE NO ACTION ON UPDATE NO ACTION,
  CONSTRAINT `fk_cuotaConvenio_monto1` FOREIGN KEY (`monto_idmonto`) REFERENCES `monto` (`idmonto`) ON DELETE NO ACTION ON UPDATE NO ACTION
) ENGINE=InnoDB DEFAULT CHARSET=utf8;
/*!40101 SET character_set_client = @saved_cs_client */;

--
-- Dumping data for table `cuotaconvenio`
--

LOCK TABLES `cuotaconvenio` WRITE;
/*!40000 ALTER TABLE `cuotaconvenio` DISABLE KEYS */;
INSERT INTO `cuotaconvenio` VALUES (0,201709,NULL,80,-1,1,1,1,'2017-09-26'),(1,201709,NULL,38,-1,1,1,1,'2017-09-26'),(2,201709,NULL,38,-1,1,1,1,'2017-09-26'),(3,201709,NULL,73,-1,1,1,1,'2017-09-26'),(4,201709,NULL,1,-1,1,1,1,'2017-09-26'),(5,201709,NULL,13,0,14,1,0,'2017-09-26'),(6,201709,NULL,15,0,12,1,1,'2017-09-26'),(7,201709,NULL,15,0,12,1,1,'2017-09-26'),(8,201710,NULL,11,0,14,1,1,'2017-10-26'),(9,201711,NULL,12,2,10,1,0,'2017-11-06');
/*!40000 ALTER TABLE `cuotaconvenio` ENABLE KEYS */;
UNLOCK TABLES;

--
-- Table structure for table `estado`
--

DROP TABLE IF EXISTS `estado`;
/*!40101 SET @saved_cs_client     = @@character_set_client */;
/*!40101 SET character_set_client = utf8 */;
CREATE TABLE `estado` (
  `idestado` int(11) NOT NULL,
  `nombre` varchar(45) DEFAULT NULL,
  `descripcion` varchar(80) DEFAULT NULL,
  `orden` int(11) DEFAULT NULL,
  `activo` tinyint(1) NOT NULL,
  PRIMARY KEY (`idestado`)
) ENGINE=InnoDB DEFAULT CHARSET=utf8;
/*!40101 SET character_set_client = @saved_cs_client */;

--
-- Dumping data for table `estado`
--

LOCK TABLES `estado` WRITE;
/*!40000 ALTER TABLE `estado` DISABLE KEYS */;
INSERT INTO `estado` VALUES (0,'en proceso','en proceso	',1,1),(1,'Finalizado','Finalizado',2,1),(2,'Iniciado','iniciado',0,1);
/*!40000 ALTER TABLE `estado` ENABLE KEYS */;
UNLOCK TABLES;

--
-- Table structure for table `gastoscomunes`
--

DROP TABLE IF EXISTS `gastoscomunes`;
/*!40101 SET @saved_cs_client     = @@character_set_client */;
/*!40101 SET character_set_client = utf8 */;
CREATE TABLE `gastoscomunes` (
  `idGastosComunes` int(11) NOT NULL,
  `monto_idmonto` int(11) NOT NULL,
  `unidad_idUnidad` int(11) NOT NULL,
  `monto` int(11) DEFAULT NULL,
  `isBonificacion` tinyint(1) DEFAULT NULL,
  `descuento` int(11) DEFAULT NULL,
  `estado` int(11) DEFAULT NULL,
  `fechaPago` date DEFAULT NULL,
  `periodo` int(11) NOT NULL,
  `descripcion` varchar(100) DEFAULT NULL,
  `activo` tinyint(1) DEFAULT NULL,
  PRIMARY KEY (`idGastosComunes`,`unidad_idUnidad`),
  KEY `fk_gastosComunes_monto1_idx` (`monto_idmonto`),
  KEY `fk_gastosComunes_unidad1_idx` (`unidad_idUnidad`),
  CONSTRAINT `fk_gastosComunes_monto1` FOREIGN KEY (`monto_idmonto`) REFERENCES `monto` (`idmonto`) ON DELETE NO ACTION ON UPDATE NO ACTION,
  CONSTRAINT `fk_gastosComunes_unidad1` FOREIGN KEY (`unidad_idUnidad`) REFERENCES `unidad` (`idUnidad`) ON DELETE NO ACTION ON UPDATE NO ACTION
) ENGINE=InnoDB DEFAULT CHARSET=utf8;
/*!40101 SET character_set_client = @saved_cs_client */;

--
-- Dumping data for table `gastoscomunes`
--

LOCK TABLES `gastoscomunes` WRITE;
/*!40000 ALTER TABLE `gastoscomunes` DISABLE KEYS */;
INSERT INTO `gastoscomunes` VALUES (1187,1,1,230,0,NULL,3,NULL,201708,NULL,1),(1188,1,2,124,0,NULL,3,NULL,201708,NULL,1),(1189,1,3,123,0,NULL,3,NULL,201708,NULL,1),(1190,1,4,124,0,NULL,3,NULL,201708,NULL,1),(1191,1,5,123,0,NULL,3,NULL,201708,NULL,1),(1192,1,6,124,0,NULL,1,NULL,201708,NULL,1),(1193,1,7,123,0,NULL,3,NULL,201708,NULL,1),(1194,1,8,124,0,NULL,3,NULL,201708,NULL,1),(1195,1,9,123,0,NULL,3,NULL,201708,NULL,1),(1196,1,10,124,0,NULL,3,NULL,201708,NULL,1),(1197,1,11,123,0,NULL,3,NULL,201708,NULL,1),(1198,1,12,124,0,NULL,3,NULL,201708,NULL,1),(1199,1,13,123,0,NULL,1,NULL,201708,NULL,1),(1200,1,14,124,0,NULL,3,NULL,201708,NULL,1),(1201,1,15,123,0,NULL,1,NULL,201708,NULL,1),(1202,1,16,124,0,NULL,3,NULL,201708,NULL,1),(1203,1,17,123,0,NULL,1,NULL,201708,NULL,1),(1204,1,18,124,0,NULL,1,NULL,201708,NULL,1),(1205,1,19,123,0,NULL,1,NULL,201708,NULL,1),(1206,1,20,124,0,NULL,1,NULL,201708,NULL,1),(1207,1,21,123,0,NULL,1,NULL,201708,NULL,1),(1208,1,22,124,0,NULL,1,NULL,201708,NULL,1),(1209,1,23,123,0,NULL,1,NULL,201708,NULL,1),(1210,1,24,124,0,NULL,1,NULL,201708,NULL,1),(1211,1,25,123,0,NULL,1,NULL,201708,NULL,1),(1212,1,26,124,0,NULL,1,NULL,201708,NULL,1),(1213,1,27,123,0,NULL,1,NULL,201708,NULL,1),(1214,1,28,124,0,NULL,1,NULL,201708,NULL,1),(1215,1,29,123,0,NULL,1,NULL,201708,NULL,1),(1216,1,30,124,0,NULL,1,NULL,201708,NULL,1),(1217,1,31,123,0,NULL,1,NULL,201708,NULL,1),(1218,1,32,124,0,NULL,1,NULL,201708,NULL,1),(1219,1,33,123,0,NULL,1,NULL,201708,NULL,1),(1220,1,34,124,0,NULL,1,NULL,201708,NULL,1),(1221,1,35,123,0,NULL,1,NULL,201708,NULL,1),(1222,1,36,124,0,NULL,3,NULL,201708,NULL,1),(1223,1,37,123,0,NULL,1,NULL,201708,NULL,1),(1224,1,38,124,0,NULL,1,NULL,201708,NULL,1),(1225,1,39,123,0,NULL,1,NULL,201708,NULL,1),(1226,1,40,124,0,NULL,1,NULL,201708,NULL,1),(1227,1,41,123,0,NULL,1,NULL,201708,NULL,1),(1228,1,42,124,0,NULL,1,NULL,201708,NULL,1),(1229,1,43,123,0,NULL,1,NULL,201708,NULL,1),(1230,1,44,124,0,NULL,1,NULL,201708,NULL,1),(1231,1,45,123,0,NULL,1,NULL,201708,NULL,1),(1232,1,46,124,0,NULL,1,NULL,201708,NULL,1),(1233,1,47,123,0,NULL,1,NULL,201708,NULL,1),(1234,1,48,124,0,NULL,1,NULL,201708,NULL,1),(1235,1,49,123,0,NULL,1,NULL,201708,NULL,1),(1236,1,50,124,0,NULL,1,NULL,201708,NULL,1),(1237,1,51,123,0,NULL,1,NULL,201708,NULL,1),(1238,1,52,124,0,NULL,1,NULL,201708,NULL,1),(1239,1,53,123,0,NULL,1,NULL,201708,NULL,1),(1240,1,54,124,0,NULL,1,NULL,201708,NULL,1),(1241,1,55,123,0,NULL,1,NULL,201708,NULL,1),(1242,1,56,124,0,NULL,1,NULL,201708,NULL,1),(1243,1,57,123,0,NULL,1,NULL,201708,NULL,1),(1244,1,58,124,0,NULL,1,NULL,201708,NULL,1),(1245,1,59,123,0,NULL,1,NULL,201708,NULL,1),(1246,1,60,124,0,NULL,1,NULL,201708,NULL,1),(1247,1,61,123,0,NULL,1,NULL,201708,NULL,1),(1248,1,62,124,0,NULL,1,NULL,201708,NULL,1),(1249,1,63,123,0,NULL,1,NULL,201708,NULL,1),(1250,1,64,124,0,NULL,1,NULL,201708,NULL,1),(1251,1,65,123,0,NULL,1,NULL,201708,NULL,1),(1252,1,66,124,0,NULL,1,NULL,201708,NULL,1),(1253,1,67,123,0,NULL,1,NULL,201708,NULL,1),(1254,1,68,124,0,NULL,1,NULL,201708,NULL,1),(1255,1,69,123,0,NULL,1,NULL,201708,NULL,1),(1256,1,70,124,0,NULL,1,NULL,201708,NULL,1),(1257,1,71,123,0,NULL,1,NULL,201708,NULL,1),(1258,1,72,124,0,NULL,1,NULL,201708,NULL,1),(1259,1,73,123,0,NULL,1,NULL,201708,NULL,1),(1260,1,74,124,0,NULL,1,NULL,201708,NULL,1),(1261,1,75,123,0,NULL,1,NULL,201708,NULL,1),(1262,1,76,124,0,NULL,1,NULL,201708,NULL,1),(1263,1,77,123,0,NULL,1,NULL,201708,NULL,1),(1264,1,78,124,0,NULL,1,NULL,201708,NULL,1),(1265,1,79,123,0,NULL,1,NULL,201708,NULL,1),(1266,1,80,124,0,NULL,1,NULL,201708,NULL,1),(1267,1,81,123,0,NULL,1,NULL,201708,NULL,1),(1268,1,82,124,0,NULL,1,NULL,201708,NULL,1),(1269,1,83,123,0,NULL,1,NULL,201708,NULL,1),(1270,1,84,124,0,NULL,1,NULL,201708,NULL,1),(1271,1,85,123,0,NULL,1,NULL,201708,NULL,1),(1272,1,86,124,0,NULL,1,NULL,201708,NULL,1),(1273,1,87,123,0,NULL,1,NULL,201708,NULL,1),(1274,1,88,124,0,NULL,1,NULL,201708,NULL,1),(1275,1,89,123,0,NULL,1,NULL,201708,NULL,1),(1276,1,90,124,0,NULL,1,NULL,201708,NULL,1),(1277,1,91,123,0,NULL,1,NULL,201708,NULL,1),(1278,1,92,124,0,NULL,1,NULL,201708,NULL,1),(1279,1,93,123,0,NULL,1,NULL,201708,NULL,1),(1280,1,94,124,0,NULL,1,NULL,201708,NULL,1),(1281,1,95,123,0,NULL,1,NULL,201708,NULL,1),(1282,1,96,124,0,NULL,1,NULL,201708,NULL,1),(1283,1,97,123,0,NULL,1,NULL,201708,NULL,1),(1284,1,98,124,0,NULL,1,NULL,201708,NULL,1),(1285,1,99,123,0,NULL,1,NULL,201708,NULL,1),(1286,1,100,124,0,NULL,1,NULL,201708,NULL,1),(1287,1,101,123,0,NULL,1,NULL,201708,NULL,1),(1288,1,102,124,0,NULL,1,NULL,201708,NULL,1),(1289,1,103,123,0,NULL,1,NULL,201708,NULL,1),(1290,1,104,124,0,NULL,1,NULL,201708,NULL,1),(1291,1,105,123,0,NULL,1,NULL,201708,NULL,1),(1292,1,106,124,0,NULL,1,NULL,201708,NULL,1),(1293,1,107,123,0,NULL,1,NULL,201708,NULL,1),(1294,1,108,124,0,NULL,1,NULL,201708,NULL,1),(1295,1,109,123,0,NULL,1,NULL,201708,NULL,1),(1296,1,110,124,0,NULL,1,NULL,201708,NULL,1),(1297,1,111,123,0,NULL,1,NULL,201708,NULL,1),(1298,1,112,124,0,NULL,1,NULL,201708,NULL,1),(1299,1,113,123,0,NULL,1,NULL,201708,NULL,1),(1300,1,114,124,0,NULL,1,NULL,201708,NULL,1),(1301,1,115,123,0,NULL,1,NULL,201708,NULL,1),(1302,1,116,124,0,NULL,1,NULL,201708,NULL,1),(1303,1,117,123,0,NULL,1,NULL,201708,NULL,1),(1304,1,118,124,0,NULL,1,NULL,201708,NULL,1),(1305,1,119,123,0,NULL,1,NULL,201708,NULL,1),(1306,1,120,124,0,NULL,1,NULL,201708,NULL,1),(1307,1,121,123,0,NULL,1,NULL,201708,NULL,1),(1308,1,122,124,0,NULL,1,NULL,201708,NULL,1),(1309,1,123,123,0,NULL,1,NULL,201708,NULL,1),(1310,1,124,124,0,NULL,1,NULL,201708,NULL,1),(1311,1,125,123,0,NULL,1,NULL,201708,NULL,1),(1312,1,126,124,0,NULL,1,NULL,201708,NULL,1),(1313,1,127,123,0,NULL,1,NULL,201708,NULL,1),(1314,1,128,124,0,NULL,1,NULL,201708,NULL,1),(1315,1,129,123,0,NULL,1,NULL,201708,NULL,1),(1316,1,130,124,0,NULL,1,NULL,201708,NULL,1),(1317,1,131,123,0,NULL,1,NULL,201708,NULL,1),(1318,1,132,124,0,NULL,1,NULL,201708,NULL,1),(1319,1,133,123,0,NULL,1,NULL,201708,NULL,1),(1320,1,134,124,0,NULL,1,NULL,201708,NULL,1),(1321,1,135,123,0,NULL,1,NULL,201708,NULL,1),(1322,1,136,124,0,NULL,1,NULL,201708,NULL,1),(1323,1,137,123,0,NULL,1,NULL,201708,NULL,1),(1324,1,138,124,0,NULL,1,NULL,201708,NULL,1),(1325,1,139,123,0,NULL,1,NULL,201708,NULL,1),(1326,1,140,124,0,NULL,1,NULL,201708,NULL,1),(1327,1,141,123,0,NULL,1,NULL,201708,NULL,1),(1328,1,142,124,0,NULL,1,NULL,201708,NULL,1),(1329,1,143,123,0,NULL,1,NULL,201708,NULL,1),(1330,1,144,124,0,NULL,1,NULL,201708,NULL,1),(1331,1,145,123,0,NULL,1,NULL,201708,NULL,1),(1332,1,146,124,0,NULL,1,NULL,201708,NULL,1),(1333,1,147,123,0,NULL,1,NULL,201708,NULL,1),(1334,1,148,124,0,NULL,1,NULL,201708,NULL,1),(1335,1,149,123,0,NULL,1,NULL,201708,NULL,1),(1336,1,150,124,0,NULL,1,NULL,201708,NULL,1),(1337,1,151,123,0,NULL,1,NULL,201708,NULL,1),(1338,1,152,124,0,NULL,1,NULL,201708,NULL,1),(1339,1,153,123,0,NULL,1,NULL,201708,NULL,1),(1340,1,154,124,0,NULL,1,NULL,201708,NULL,1),(1341,1,155,123,0,NULL,1,NULL,201708,NULL,1),(1342,1,156,124,0,NULL,1,NULL,201708,NULL,1),(1343,1,157,123,0,NULL,1,NULL,201708,NULL,1),(1344,1,158,124,0,NULL,1,NULL,201708,NULL,1),(1345,1,159,123,0,NULL,1,NULL,201708,NULL,1),(1346,1,160,124,0,NULL,1,NULL,201708,NULL,1),(1347,1,161,123,0,NULL,1,NULL,201708,NULL,1),(1348,1,162,124,0,NULL,1,NULL,201708,NULL,1),(1349,1,163,123,0,NULL,1,NULL,201708,NULL,1),(1350,1,164,124,0,NULL,1,NULL,201708,NULL,1),(1351,1,165,123,0,NULL,1,NULL,201708,NULL,1),(1352,1,166,124,0,NULL,1,NULL,201708,NULL,1),(1353,1,167,123,0,NULL,1,NULL,201708,NULL,1),(1354,1,168,124,0,NULL,1,NULL,201708,NULL,1),(1355,1,169,123,0,NULL,1,NULL,201708,NULL,1),(1356,1,170,124,0,NULL,1,NULL,201708,NULL,1),(1357,1,171,123,0,NULL,1,NULL,201708,NULL,1),(1358,1,172,124,0,NULL,1,NULL,201708,NULL,1),(1359,1,173,123,0,NULL,1,NULL,201708,NULL,1),(1360,1,174,124,0,NULL,1,NULL,201708,NULL,1),(1361,1,175,123,0,NULL,1,NULL,201708,NULL,1),(1362,1,176,124,0,NULL,1,NULL,201708,NULL,1),(1363,1,177,123,0,NULL,1,NULL,201708,NULL,1),(1364,1,178,124,0,NULL,1,NULL,201708,NULL,1),(1365,1,179,123,0,NULL,1,NULL,201708,NULL,1),(1366,1,180,124,0,NULL,1,NULL,201708,NULL,1),(1367,1,181,123,0,NULL,1,NULL,201708,NULL,1),(1368,1,182,124,0,NULL,1,NULL,201708,NULL,1),(1369,1,183,123,0,NULL,1,NULL,201708,NULL,1),(1370,1,184,124,0,NULL,1,NULL,201708,NULL,1),(1371,1,185,123,0,NULL,1,NULL,201708,NULL,1),(1372,1,186,124,0,NULL,1,NULL,201708,NULL,1),(1373,1,187,123,0,NULL,1,NULL,201708,NULL,1),(1374,1,188,124,0,NULL,1,NULL,201708,NULL,1),(1375,1,189,123,0,NULL,1,NULL,201708,NULL,1),(1376,1,190,124,0,NULL,1,NULL,201708,NULL,1),(1377,1,191,123,0,NULL,1,NULL,201708,NULL,1),(1378,1,192,124,0,NULL,1,NULL,201708,NULL,1),(1379,1,193,123,0,NULL,1,NULL,201708,NULL,1),(1380,1,194,124,0,NULL,1,NULL,201708,NULL,1),(1381,1,195,123,0,NULL,1,NULL,201708,NULL,1),(1382,1,196,124,0,NULL,1,NULL,201708,NULL,1),(1383,1,197,123,0,NULL,1,NULL,201708,NULL,1),(1384,1,198,124,0,NULL,1,NULL,201708,NULL,1),(1385,1,199,123,0,NULL,1,NULL,201708,NULL,1),(1386,1,200,124,0,NULL,1,NULL,201708,NULL,1),(1387,1,201,123,0,NULL,1,NULL,201708,NULL,1),(1388,1,202,124,0,NULL,1,NULL,201708,NULL,1),(1389,1,203,123,0,NULL,1,NULL,201708,NULL,1),(1390,1,204,124,0,NULL,1,NULL,201708,NULL,1),(1391,1,205,123,0,NULL,1,NULL,201708,NULL,1),(1392,1,206,124,0,NULL,1,NULL,201708,NULL,1),(1393,1,207,123,0,NULL,1,NULL,201708,NULL,1),(1394,1,208,124,0,NULL,1,NULL,201708,NULL,1),(1395,1,209,123,0,NULL,1,NULL,201708,NULL,1),(1396,1,210,124,0,NULL,1,NULL,201708,NULL,1),(1397,1,211,123,0,NULL,1,NULL,201708,NULL,1),(1398,1,212,124,0,NULL,1,NULL,201708,NULL,1),(1399,1,213,123,0,NULL,1,NULL,201708,NULL,1),(1400,1,214,124,0,NULL,1,NULL,201708,NULL,1),(1401,1,215,123,0,NULL,1,NULL,201708,NULL,1),(1402,1,216,124,0,NULL,1,NULL,201708,NULL,1),(1403,1,217,123,0,NULL,1,NULL,201708,NULL,1),(1404,1,218,124,0,NULL,1,NULL,201708,NULL,1),(1405,1,219,123,0,NULL,1,NULL,201708,NULL,1),(1406,1,220,124,0,NULL,1,NULL,201708,NULL,1),(1407,1,221,123,0,NULL,1,NULL,201708,NULL,1),(1408,1,222,124,0,NULL,1,NULL,201708,NULL,1),(1409,1,223,123,0,NULL,1,NULL,201708,NULL,1),(1410,1,224,124,0,NULL,1,NULL,201708,NULL,1),(1411,1,225,123,0,NULL,1,NULL,201708,NULL,1),(1412,1,226,124,0,NULL,1,NULL,201708,NULL,1),(1413,1,227,123,0,NULL,1,NULL,201708,NULL,1),(1414,1,228,124,0,NULL,1,NULL,201708,NULL,1),(1415,1,229,123,0,NULL,1,NULL,201708,NULL,1),(1416,1,230,124,0,NULL,1,NULL,201708,NULL,1),(1417,1,231,123,0,NULL,1,NULL,201708,NULL,1),(1418,1,232,124,0,NULL,1,NULL,201708,NULL,1),(1419,1,233,123,0,NULL,1,NULL,201708,NULL,1),(1420,1,234,124,0,NULL,1,NULL,201708,NULL,1),(1421,1,235,123,0,NULL,1,NULL,201708,NULL,1),(1422,1,236,124,0,NULL,1,NULL,201708,NULL,1),(1423,1,237,123,0,NULL,1,NULL,201708,NULL,1),(1424,1,238,124,0,NULL,1,NULL,201708,NULL,1),(1425,1,239,123,0,NULL,1,NULL,201708,NULL,1),(1426,1,240,124,0,NULL,1,NULL,201708,NULL,1),(1427,1,241,123,0,NULL,1,NULL,201708,NULL,1),(1428,1,242,124,0,NULL,1,NULL,201708,NULL,1),(1429,1,243,123,0,NULL,1,NULL,201708,NULL,1),(1430,1,244,124,0,NULL,1,NULL,201708,NULL,1),(1431,1,245,123,0,NULL,1,NULL,201708,NULL,1),(1432,1,246,124,0,NULL,1,NULL,201708,NULL,1),(1433,1,247,123,0,NULL,1,NULL,201708,NULL,1),(1434,1,248,124,0,NULL,1,NULL,201708,NULL,1),(1435,1,249,123,0,NULL,1,NULL,201708,NULL,1),(1436,1,250,124,0,NULL,1,NULL,201708,NULL,1),(1437,1,251,123,0,NULL,1,NULL,201708,NULL,1),(1438,1,252,124,0,NULL,1,NULL,201708,NULL,1),(1439,1,253,123,0,NULL,1,NULL,201708,NULL,1),(1440,1,254,124,0,NULL,1,NULL,201708,NULL,1),(1441,1,255,123,0,NULL,1,NULL,201708,NULL,1),(1442,1,256,124,0,NULL,1,NULL,201708,NULL,1),(1443,1,257,123,0,NULL,1,NULL,201708,NULL,1),(1444,1,258,124,0,NULL,1,NULL,201708,NULL,1),(1445,1,259,123,0,NULL,1,NULL,201708,NULL,1),(1446,1,260,124,0,NULL,1,NULL,201708,NULL,1),(1447,1,261,123,0,NULL,1,NULL,201708,NULL,1),(1448,1,262,124,0,NULL,1,NULL,201708,NULL,1),(1449,1,263,123,0,NULL,1,NULL,201708,NULL,1),(1450,1,264,124,0,NULL,1,NULL,201708,NULL,1),(1451,1,265,123,0,NULL,1,NULL,201708,NULL,1),(1452,1,266,124,0,NULL,1,NULL,201708,NULL,1),(1453,1,267,123,0,NULL,1,NULL,201708,NULL,1),(1454,1,268,124,0,NULL,1,NULL,201708,NULL,1),(1455,1,269,123,0,NULL,1,NULL,201708,NULL,1),(1456,1,270,124,0,NULL,1,NULL,201708,NULL,1),(1457,1,271,123,0,NULL,1,NULL,201708,NULL,1),(1458,1,272,124,0,NULL,1,NULL,201708,NULL,1),(1459,1,273,123,0,NULL,1,NULL,201708,NULL,1),(1460,1,274,124,0,NULL,1,NULL,201708,NULL,1),(1461,1,275,123,0,NULL,1,NULL,201708,NULL,1),(1462,1,276,124,0,NULL,1,NULL,201708,NULL,1),(1463,1,277,123,0,NULL,1,NULL,201708,NULL,1),(1464,1,278,124,0,NULL,1,NULL,201708,NULL,1),(1465,1,279,123,0,NULL,1,NULL,201708,NULL,1),(1466,1,280,124,0,NULL,1,NULL,201708,NULL,1),(1467,1,281,123,0,NULL,1,NULL,201708,NULL,1),(1468,1,282,124,0,NULL,1,NULL,201708,NULL,1),(1469,1,283,123,0,NULL,1,NULL,201708,NULL,1),(1470,1,284,124,0,NULL,1,NULL,201708,NULL,1),(1471,1,285,123,0,NULL,1,NULL,201708,NULL,1),(1472,1,286,124,0,NULL,1,NULL,201708,NULL,1),(1473,1,287,123,0,NULL,1,NULL,201708,NULL,1),(1474,1,288,124,0,NULL,1,NULL,201708,NULL,1),(1475,1,289,123,0,NULL,1,NULL,201708,NULL,1),(1476,1,290,124,0,NULL,1,NULL,201708,NULL,1),(1477,1,291,123,0,NULL,1,NULL,201708,NULL,1),(1478,1,292,124,0,NULL,1,NULL,201708,NULL,1),(1479,1,293,123,0,NULL,1,NULL,201708,NULL,1),(1480,1,294,124,0,NULL,1,NULL,201708,NULL,1),(1481,1,295,123,0,NULL,1,NULL,201708,NULL,1),(1482,1,296,124,0,NULL,1,NULL,201708,NULL,1),(1483,1,297,123,0,NULL,1,NULL,201708,NULL,1),(1484,1,298,124,0,NULL,1,NULL,201708,NULL,1),(1485,1,299,123,0,NULL,1,NULL,201708,NULL,1),(1486,1,300,124,0,NULL,1,NULL,201708,NULL,1),(1487,1,301,123,0,NULL,1,NULL,201708,NULL,1),(1488,1,302,124,0,NULL,1,NULL,201708,NULL,1),(1489,1,303,123,0,NULL,1,NULL,201708,NULL,1),(1490,1,304,124,0,NULL,1,NULL,201708,NULL,1),(1491,1,305,123,0,NULL,1,NULL,201708,NULL,1),(1492,1,306,124,0,NULL,1,NULL,201708,NULL,1),(1493,1,307,123,0,NULL,1,NULL,201708,NULL,1),(1494,1,308,124,0,NULL,1,NULL,201708,NULL,1),(1495,1,309,123,0,NULL,1,NULL,201708,NULL,1),(1496,1,310,124,0,NULL,1,NULL,201708,NULL,1),(1497,1,311,123,0,NULL,1,NULL,201708,NULL,1),(1498,1,312,124,0,NULL,1,NULL,201708,NULL,1),(1499,1,313,123,0,NULL,1,NULL,201708,NULL,1),(1500,1,314,124,0,NULL,1,NULL,201708,NULL,1),(1501,1,315,123,0,NULL,1,NULL,201708,NULL,1),(1502,1,316,124,0,NULL,1,NULL,201708,NULL,1),(1503,1,317,123,0,NULL,1,NULL,201708,NULL,1),(1504,1,318,124,0,NULL,1,NULL,201708,NULL,1),(1505,1,319,123,0,NULL,1,NULL,201708,NULL,1),(1506,1,320,124,0,NULL,1,NULL,201708,NULL,1),(1507,1,321,123,0,NULL,1,NULL,201708,NULL,1),(1508,1,322,124,0,NULL,1,NULL,201708,NULL,1),(1509,1,323,123,0,NULL,1,NULL,201708,NULL,1),(1510,1,324,124,0,NULL,1,NULL,201708,NULL,1),(1511,1,325,123,0,NULL,1,NULL,201708,NULL,1),(1512,1,326,124,0,NULL,1,NULL,201708,NULL,1),(1513,1,327,123,0,NULL,1,NULL,201708,NULL,1),(1514,1,328,124,0,NULL,1,NULL,201708,NULL,1),(1515,1,329,123,0,NULL,1,NULL,201708,NULL,1),(1516,1,330,124,0,NULL,1,NULL,201708,NULL,1),(1517,1,331,123,0,NULL,1,NULL,201708,NULL,1),(1518,1,332,124,0,NULL,1,NULL,201708,NULL,1),(1519,1,333,123,0,NULL,1,NULL,201708,NULL,1),(1520,1,334,124,0,NULL,1,NULL,201708,NULL,1),(1521,1,335,123,0,NULL,1,NULL,201708,NULL,1),(1522,1,336,124,0,NULL,1,NULL,201708,NULL,1),(1523,1,337,123,0,NULL,1,NULL,201708,NULL,1),(1524,1,338,124,0,NULL,1,NULL,201708,NULL,1),(1525,1,339,123,0,NULL,1,NULL,201708,NULL,1),(1526,1,340,124,0,NULL,1,NULL,201708,NULL,1),(1527,1,341,123,0,NULL,1,NULL,201708,NULL,1),(1528,1,342,124,0,NULL,1,NULL,201708,NULL,1),(1529,1,343,123,0,NULL,1,NULL,201708,NULL,1),(1530,1,344,124,0,NULL,1,NULL,201708,NULL,1),(1531,1,345,123,0,NULL,1,NULL,201708,NULL,1),(1532,1,346,124,0,NULL,1,NULL,201708,NULL,1),(1533,1,347,123,0,NULL,1,NULL,201708,NULL,1),(1534,1,348,124,0,NULL,1,NULL,201708,NULL,1),(1535,1,349,123,0,NULL,1,NULL,201708,NULL,1),(1536,1,350,124,0,NULL,1,NULL,201708,NULL,1),(1537,1,351,123,0,NULL,1,NULL,201708,NULL,1),(1538,1,352,124,0,NULL,1,NULL,201708,NULL,1),(1539,1,353,123,0,NULL,1,NULL,201708,NULL,1),(1540,1,354,124,0,NULL,1,NULL,201708,NULL,1),(1541,1,355,123,0,NULL,1,NULL,201708,NULL,1),(1542,1,356,124,0,NULL,1,NULL,201708,NULL,1),(1543,1,357,123,0,NULL,1,NULL,201708,NULL,1),(1544,1,358,124,0,NULL,1,NULL,201708,NULL,1),(1545,1,359,123,0,NULL,1,NULL,201708,NULL,1),(1546,1,360,124,0,NULL,1,NULL,201708,NULL,1),(1547,1,361,123,0,NULL,1,NULL,201708,NULL,1),(1548,1,362,124,0,NULL,1,NULL,201708,NULL,1),(1549,1,363,123,0,NULL,1,NULL,201708,NULL,1),(1550,1,364,124,0,NULL,1,NULL,201708,NULL,1),(1551,1,365,123,0,NULL,1,NULL,201708,NULL,1),(1552,1,366,124,0,NULL,1,NULL,201708,NULL,1),(1553,1,367,123,0,NULL,1,NULL,201708,NULL,1),(1554,1,368,124,0,NULL,1,NULL,201708,NULL,1),(1555,1,369,123,0,NULL,1,NULL,201708,NULL,1),(1556,1,370,124,0,NULL,1,NULL,201708,NULL,1),(1557,1,371,123,0,NULL,1,NULL,201708,NULL,1),(1558,1,372,124,0,NULL,1,NULL,201708,NULL,1),(1559,1,373,123,0,NULL,1,NULL,201708,NULL,1),(1560,1,374,124,0,NULL,1,NULL,201708,NULL,1),(1561,1,375,123,0,NULL,1,NULL,201708,NULL,1),(1562,1,376,124,0,NULL,1,NULL,201708,NULL,1),(1563,1,377,123,0,NULL,1,NULL,201708,NULL,1),(1564,1,378,124,0,NULL,1,NULL,201708,NULL,1),(1565,1,379,123,0,NULL,1,NULL,201708,NULL,1),(1566,1,380,124,0,NULL,1,NULL,201708,NULL,1),(1567,1,381,123,0,NULL,1,NULL,201708,NULL,1),(1568,1,382,124,0,NULL,1,NULL,201708,NULL,1),(1569,1,383,123,0,NULL,1,NULL,201708,NULL,1),(1570,1,384,124,0,NULL,1,NULL,201708,NULL,1),(1571,1,385,123,0,NULL,1,NULL,201708,NULL,1),(1572,1,386,124,0,NULL,1,NULL,201708,NULL,1),(1573,1,387,123,0,NULL,1,NULL,201708,NULL,1),(1574,1,388,124,0,NULL,1,NULL,201708,NULL,1),(1575,1,389,123,0,NULL,1,NULL,201708,NULL,1),(1576,1,390,124,0,NULL,1,NULL,201708,NULL,1),(1577,1,391,123,0,NULL,1,NULL,201708,NULL,1),(1578,1,392,124,0,NULL,1,NULL,201708,NULL,1),(1579,1,393,123,0,NULL,1,NULL,201708,NULL,1),(1580,1,394,124,0,NULL,1,NULL,201708,NULL,1),(1581,1,395,123,0,NULL,1,NULL,201708,NULL,1),(1582,1,396,124,0,NULL,1,NULL,201708,NULL,1),(1583,1,397,123,0,NULL,1,NULL,201708,NULL,1),(1584,1,398,124,0,NULL,1,NULL,201708,NULL,1),(1585,1,399,123,0,NULL,1,NULL,201708,NULL,1),(1586,1,400,124,0,NULL,1,NULL,201708,NULL,1),(1587,1,401,123,0,NULL,1,NULL,201708,NULL,1),(1588,1,402,124,0,NULL,1,NULL,201708,NULL,1),(1589,1,403,123,0,NULL,1,NULL,201708,NULL,1),(1590,1,404,124,0,NULL,1,NULL,201708,NULL,1),(1591,1,405,123,0,NULL,1,NULL,201708,NULL,1),(1592,1,406,124,0,NULL,1,NULL,201708,NULL,1),(1593,1,407,123,0,NULL,1,NULL,201708,NULL,1),(1594,1,408,124,0,NULL,1,NULL,201708,NULL,1),(1595,1,409,123,0,NULL,1,NULL,201708,NULL,1),(1596,1,410,124,0,NULL,1,NULL,201708,NULL,1),(1597,1,411,123,0,NULL,1,NULL,201708,NULL,1),(1598,1,412,124,0,NULL,1,NULL,201708,NULL,1),(1599,1,413,123,0,NULL,1,NULL,201708,NULL,1),(1600,1,414,124,0,NULL,1,NULL,201708,NULL,1),(1601,1,415,123,0,NULL,1,NULL,201708,NULL,1),(1602,1,416,124,0,NULL,1,NULL,201708,NULL,1),(1603,1,417,123,0,NULL,1,NULL,201708,NULL,1),(1604,1,418,124,0,NULL,1,NULL,201708,NULL,1),(1605,1,419,123,0,NULL,1,NULL,201708,NULL,1),(1606,1,420,124,0,NULL,1,NULL,201708,NULL,1),(1607,1,421,123,0,NULL,1,NULL,201708,NULL,1),(1608,1,422,124,0,NULL,1,NULL,201708,NULL,1),(1609,1,423,123,0,NULL,1,NULL,201708,NULL,1),(1610,1,424,124,0,NULL,1,NULL,201708,NULL,1),(1611,1,425,123,0,NULL,1,NULL,201708,NULL,1),(1612,1,426,124,0,NULL,1,NULL,201708,NULL,1),(1613,1,427,123,0,NULL,1,NULL,201708,NULL,1),(1614,1,428,124,0,NULL,1,NULL,201708,NULL,1),(1615,1,429,123,0,NULL,1,NULL,201708,NULL,1),(1616,1,430,124,0,NULL,1,NULL,201708,NULL,1),(1617,1,431,123,0,NULL,1,NULL,201708,NULL,1),(1618,1,432,124,0,NULL,1,NULL,201708,NULL,1),(1619,1,433,123,0,NULL,1,NULL,201708,NULL,1),(1620,1,434,124,0,NULL,1,NULL,201708,NULL,1),(1621,1,435,123,0,NULL,1,NULL,201708,NULL,1),(1622,1,436,124,0,NULL,1,NULL,201708,NULL,1),(1623,1,437,123,0,NULL,1,NULL,201708,NULL,1),(1624,1,438,124,0,NULL,1,NULL,201708,NULL,1),(1625,1,439,123,0,NULL,1,NULL,201708,NULL,1),(1626,1,440,124,0,NULL,1,NULL,201708,NULL,1),(1627,1,441,123,0,NULL,1,NULL,201708,NULL,1),(1628,1,442,124,0,NULL,1,NULL,201708,NULL,1),(1629,1,443,123,0,NULL,1,NULL,201708,NULL,1),(1630,1,444,124,0,NULL,1,NULL,201708,NULL,1),(1631,1,445,123,0,NULL,1,NULL,201708,NULL,1),(1632,1,446,124,0,NULL,1,NULL,201708,NULL,1),(1633,1,447,123,0,NULL,1,NULL,201708,NULL,1),(1634,1,448,124,0,NULL,1,NULL,201708,NULL,1),(1635,1,449,123,0,NULL,1,NULL,201708,NULL,1),(1636,1,450,124,0,NULL,1,NULL,201708,NULL,1),(1637,1,451,123,0,NULL,1,NULL,201708,NULL,1),(1638,1,452,124,0,NULL,1,NULL,201708,NULL,1),(1639,1,453,123,0,NULL,1,NULL,201708,NULL,1),(1640,1,454,124,0,NULL,1,NULL,201708,NULL,1),(1641,1,455,123,0,NULL,1,NULL,201708,NULL,1),(1642,1,456,124,0,NULL,1,NULL,201708,NULL,1),(1643,1,457,123,0,NULL,1,NULL,201708,NULL,1),(1644,1,458,124,0,NULL,1,NULL,201708,NULL,1),(1645,1,459,123,0,NULL,1,NULL,201708,NULL,1),(1646,1,460,124,0,NULL,1,NULL,201708,NULL,1),(1647,1,461,123,0,NULL,1,NULL,201708,NULL,1),(1648,1,462,124,0,NULL,1,NULL,201708,NULL,1),(1649,1,463,123,0,NULL,1,NULL,201708,NULL,1),(1650,1,464,124,0,NULL,1,NULL,201708,NULL,1),(1651,1,465,123,0,NULL,1,NULL,201708,NULL,1),(1652,1,466,124,0,NULL,1,NULL,201708,NULL,1),(1653,1,467,123,0,NULL,1,NULL,201708,NULL,1),(1654,1,468,124,0,NULL,1,NULL,201708,NULL,1),(1655,1,469,123,0,NULL,1,NULL,201708,NULL,1),(1656,1,470,124,0,NULL,1,NULL,201708,NULL,1),(1657,1,471,123,0,NULL,1,NULL,201708,NULL,1),(1658,1,472,124,0,NULL,1,NULL,201708,NULL,1),(1659,1,473,123,0,NULL,1,NULL,201708,NULL,1),(1660,1,474,124,0,NULL,1,NULL,201708,NULL,1),(1661,1,475,123,0,NULL,1,NULL,201708,NULL,1),(1662,1,476,124,0,NULL,1,NULL,201708,NULL,1),(1663,1,477,123,0,NULL,1,NULL,201708,NULL,1),(1664,1,478,124,0,NULL,1,NULL,201708,NULL,1),(1665,1,479,123,0,NULL,1,NULL,201708,NULL,1),(1666,1,480,124,0,NULL,1,NULL,201708,NULL,1),(1667,1,481,123,0,NULL,1,NULL,201708,NULL,1),(1668,1,482,124,0,NULL,1,NULL,201708,NULL,1),(1669,1,483,123,0,NULL,1,NULL,201708,NULL,1),(1670,1,484,124,0,NULL,1,NULL,201708,NULL,1),(1671,1,485,123,0,NULL,1,NULL,201708,NULL,1),(1672,1,486,124,0,NULL,1,NULL,201708,NULL,1),(1673,1,487,123,0,NULL,1,NULL,201708,NULL,1),(1674,1,488,124,0,NULL,1,NULL,201708,NULL,1),(1675,1,489,123,0,NULL,1,NULL,201708,NULL,1),(1676,1,490,124,0,NULL,1,NULL,201708,NULL,1),(1677,1,491,123,0,NULL,1,NULL,201708,NULL,1),(1678,1,492,124,0,NULL,1,NULL,201708,NULL,1),(1679,1,493,123,0,NULL,1,NULL,201708,NULL,1),(1680,1,494,124,0,NULL,1,NULL,201708,NULL,1),(1681,1,495,123,0,NULL,1,NULL,201708,NULL,1),(1682,1,496,124,0,NULL,1,NULL,201708,NULL,1),(1683,1,497,123,0,NULL,1,NULL,201708,NULL,1),(1684,1,498,124,0,NULL,1,NULL,201708,NULL,1),(1685,1,499,123,0,NULL,1,NULL,201708,NULL,1),(1686,1,500,124,0,NULL,1,NULL,201708,NULL,1),(1687,1,501,123,0,NULL,1,NULL,201708,NULL,1),(1688,1,502,124,0,NULL,1,NULL,201708,NULL,1),(1689,1,503,123,0,NULL,1,NULL,201708,NULL,1),(1690,1,504,124,0,NULL,1,NULL,201708,NULL,1),(1691,1,505,123,0,NULL,1,NULL,201708,NULL,1),(1692,1,506,124,0,NULL,1,NULL,201708,NULL,1),(1693,1,507,123,0,NULL,1,NULL,201708,NULL,1),(1694,1,508,124,0,NULL,1,NULL,201708,NULL,1),(1695,1,509,123,0,NULL,1,NULL,201708,NULL,1),(1696,1,510,124,0,NULL,1,NULL,201708,NULL,1),(1697,1,511,123,0,NULL,1,NULL,201708,NULL,1),(1698,1,512,124,0,NULL,1,NULL,201708,NULL,1),(1699,1,513,123,0,NULL,1,NULL,201708,NULL,1),(1700,1,514,124,0,NULL,1,NULL,201708,NULL,1),(1701,1,515,123,0,NULL,1,NULL,201708,NULL,1),(1702,1,516,124,0,NULL,1,NULL,201708,NULL,1),(1703,1,517,123,0,NULL,1,NULL,201708,NULL,1),(1704,1,518,124,0,NULL,1,NULL,201708,NULL,1),(1705,1,519,123,0,NULL,1,NULL,201708,NULL,1),(1706,1,520,124,0,NULL,1,NULL,201708,NULL,1),(1707,1,521,123,0,NULL,1,NULL,201708,NULL,1),(1708,1,522,124,0,NULL,1,NULL,201708,NULL,1),(1709,1,523,123,0,NULL,1,NULL,201708,NULL,1),(1710,1,524,124,0,NULL,1,NULL,201708,NULL,1),(1711,1,525,123,0,NULL,1,NULL,201708,NULL,1),(1712,1,526,124,0,NULL,1,NULL,201708,NULL,1),(1713,1,527,123,0,NULL,1,NULL,201708,NULL,1),(1714,1,528,124,0,NULL,1,NULL,201708,NULL,1),(1715,1,529,123,0,NULL,1,NULL,201708,NULL,1),(1716,1,530,124,0,NULL,1,NULL,201708,NULL,1),(1717,1,531,123,0,NULL,1,NULL,201708,NULL,1),(1718,1,532,124,0,NULL,1,NULL,201708,NULL,1),(1719,1,533,123,0,NULL,1,NULL,201708,NULL,1),(1720,1,534,124,0,NULL,1,NULL,201708,NULL,1),(1721,1,535,123,0,NULL,1,NULL,201708,NULL,1),(1722,1,536,124,0,NULL,1,NULL,201708,NULL,1),(1723,1,537,123,0,NULL,1,NULL,201708,NULL,1),(1724,1,538,124,0,NULL,1,NULL,201708,NULL,1),(1725,1,539,123,0,NULL,1,NULL,201708,NULL,1),(1726,1,540,124,0,NULL,1,NULL,201708,NULL,1),(1727,1,541,123,0,NULL,1,NULL,201708,NULL,1),(1728,1,542,124,0,NULL,1,NULL,201708,NULL,1),(1729,1,543,123,0,NULL,1,NULL,201708,NULL,1),(1730,1,544,124,0,NULL,1,NULL,201708,NULL,1),(1731,1,545,123,0,NULL,1,NULL,201708,NULL,1),(1732,1,546,124,0,NULL,1,NULL,201708,NULL,1),(1733,1,547,123,0,NULL,1,NULL,201708,NULL,1),(1734,1,548,124,0,NULL,1,NULL,201708,NULL,1),(1735,1,549,123,0,NULL,1,NULL,201708,NULL,1),(1736,1,550,124,0,NULL,1,NULL,201708,NULL,1),(1737,1,551,123,0,NULL,1,NULL,201708,NULL,1),(1738,1,552,124,0,NULL,1,NULL,201708,NULL,1),(1739,1,553,123,0,NULL,1,NULL,201708,NULL,1),(1740,1,554,124,0,NULL,1,NULL,201708,NULL,1),(1741,1,555,123,0,NULL,1,NULL,201708,NULL,1),(1742,1,556,124,0,NULL,1,NULL,201708,NULL,1),(1743,1,557,123,0,NULL,1,NULL,201708,NULL,1),(1744,1,558,124,0,NULL,1,NULL,201708,NULL,1),(1745,1,559,123,0,NULL,1,NULL,201708,NULL,1),(1746,1,560,124,0,NULL,1,NULL,201708,NULL,1),(1747,1,561,123,0,NULL,1,NULL,201708,NULL,1),(1748,1,562,124,0,NULL,1,NULL,201708,NULL,1),(1749,1,563,123,0,NULL,1,NULL,201708,NULL,1),(1750,1,564,124,0,NULL,1,NULL,201708,NULL,1),(1751,1,565,123,0,NULL,1,NULL,201708,NULL,1),(1752,1,566,124,0,NULL,1,NULL,201708,NULL,1),(1753,1,567,123,0,NULL,1,NULL,201708,NULL,1),(1754,1,568,124,0,NULL,1,NULL,201708,NULL,1),(1755,1,569,123,0,NULL,1,NULL,201708,NULL,1),(1756,1,570,124,0,NULL,1,NULL,201708,NULL,1),(1757,1,571,123,0,NULL,1,NULL,201708,NULL,1),(1758,1,572,124,0,NULL,1,NULL,201708,NULL,1),(1759,1,573,123,0,NULL,1,NULL,201708,NULL,1),(1760,1,574,124,0,NULL,1,NULL,201708,NULL,1),(1761,1,575,123,0,NULL,1,NULL,201708,NULL,1),(1762,1,576,124,0,NULL,1,NULL,201708,NULL,1),(1763,1,577,123,0,NULL,1,NULL,201708,NULL,1),(1764,1,578,124,0,NULL,1,NULL,201708,NULL,1),(1765,1,579,123,0,NULL,1,NULL,201708,NULL,1),(1766,1,580,124,0,NULL,1,NULL,201708,NULL,1),(1767,1,581,123,0,NULL,1,NULL,201708,NULL,1),(1768,1,582,124,0,NULL,1,NULL,201708,NULL,1),(1769,1,583,123,0,NULL,1,NULL,201708,NULL,1),(1770,1,584,124,0,NULL,1,NULL,201708,NULL,1),(1771,1,585,123,0,NULL,1,NULL,201708,NULL,1),(1772,1,586,124,0,NULL,1,NULL,201708,NULL,1),(1773,1,587,123,0,NULL,1,NULL,201708,NULL,1),(1774,1,588,124,0,NULL,1,NULL,201708,NULL,1),(1775,1,589,123,0,NULL,1,NULL,201708,NULL,1),(1776,1,590,124,0,NULL,1,NULL,201708,NULL,1),(1777,1,591,123,0,NULL,1,NULL,201708,NULL,1),(1778,1,592,124,0,NULL,1,NULL,201708,NULL,1),(1779,1,593,123,0,NULL,1,NULL,201708,NULL,1),(1780,1,594,124,0,NULL,1,NULL,201708,NULL,1),(1781,1,595,123,0,NULL,1,NULL,201708,NULL,1),(1782,1,596,124,0,NULL,1,NULL,201708,NULL,1),(1783,1,597,123,0,NULL,1,NULL,201708,NULL,1),(1784,1,598,124,0,NULL,1,NULL,201708,NULL,1),(1785,1,599,123,0,NULL,1,NULL,201708,NULL,1),(1786,1,600,124,0,NULL,1,NULL,201708,NULL,1),(1787,1,601,123,0,NULL,1,NULL,201708,NULL,1),(1788,1,602,124,0,NULL,1,NULL,201708,NULL,1),(1789,1,603,123,0,NULL,1,NULL,201708,NULL,1),(1790,1,604,124,0,NULL,1,NULL,201708,NULL,1),(1791,1,605,123,0,NULL,1,NULL,201708,NULL,1),(1792,1,606,124,0,NULL,1,NULL,201708,NULL,1),(1793,1,607,123,0,NULL,1,NULL,201708,NULL,1),(1794,1,608,124,0,NULL,1,NULL,201708,NULL,1),(1795,1,609,123,0,NULL,1,NULL,201708,NULL,1),(1796,1,610,124,0,NULL,1,NULL,201708,NULL,1),(1797,1,611,123,0,NULL,1,NULL,201708,NULL,1),(1798,1,612,124,0,NULL,1,NULL,201708,NULL,1),(1799,1,613,123,0,NULL,1,NULL,201708,NULL,1),(1800,1,614,124,0,NULL,1,NULL,201708,NULL,1),(1801,1,615,123,0,NULL,1,NULL,201708,NULL,1),(1802,1,616,124,0,NULL,1,NULL,201708,NULL,1),(1803,1,617,123,0,NULL,1,NULL,201708,NULL,1),(1804,1,618,124,0,NULL,1,NULL,201708,NULL,1),(1805,1,619,123,0,NULL,1,NULL,201708,NULL,1),(1806,1,620,124,0,NULL,1,NULL,201708,NULL,1),(1807,1,621,123,0,NULL,1,NULL,201708,NULL,1),(1808,1,622,124,0,NULL,1,NULL,201708,NULL,1),(1809,1,623,123,0,NULL,1,NULL,201708,NULL,1),(1810,1,624,124,0,NULL,1,NULL,201708,NULL,1),(1811,1,625,123,0,NULL,1,NULL,201708,NULL,1),(1812,1,626,124,0,NULL,1,NULL,201708,NULL,1),(1813,1,627,123,0,NULL,1,NULL,201708,NULL,1),(1814,1,628,124,0,NULL,1,NULL,201708,NULL,1),(1815,1,629,123,0,NULL,1,NULL,201708,NULL,1),(1816,1,630,124,0,NULL,1,NULL,201708,NULL,1),(1817,1,631,123,0,NULL,1,NULL,201708,NULL,1),(1818,1,632,124,0,NULL,1,NULL,201708,NULL,1),(1819,1,633,123,0,NULL,1,NULL,201708,NULL,1),(1820,1,634,124,0,NULL,1,NULL,201708,NULL,1),(1821,1,635,123,0,NULL,1,NULL,201708,NULL,1),(1822,1,636,124,0,NULL,1,NULL,201708,NULL,1),(1823,1,637,123,0,NULL,1,NULL,201708,NULL,1),(1824,1,638,124,0,NULL,1,NULL,201708,NULL,1),(1825,1,639,123,0,NULL,1,NULL,201708,NULL,1),(1826,1,640,124,0,NULL,1,NULL,201708,NULL,1),(1827,1,641,123,0,NULL,1,NULL,201708,NULL,1),(1828,1,642,124,0,NULL,1,NULL,201708,NULL,1),(1829,1,643,123,0,NULL,1,NULL,201708,NULL,1),(1830,1,644,124,0,NULL,1,NULL,201708,NULL,1),(1831,1,645,123,0,NULL,1,NULL,201708,NULL,1),(1832,1,646,124,0,NULL,1,NULL,201708,NULL,1),(1833,1,647,123,0,NULL,1,NULL,201708,NULL,1),(1834,1,648,124,0,NULL,1,NULL,201708,NULL,1),(1835,1,649,123,0,NULL,1,NULL,201708,NULL,1),(1836,1,650,124,0,NULL,1,NULL,201708,NULL,1),(1837,1,651,123,0,NULL,1,NULL,201708,NULL,1),(1838,1,652,124,0,NULL,1,NULL,201708,NULL,1),(1839,1,653,123,0,NULL,1,NULL,201708,NULL,1),(1840,1,654,124,0,NULL,1,NULL,201708,NULL,1),(1841,1,655,123,0,NULL,1,NULL,201708,NULL,1),(1842,1,656,124,0,NULL,1,NULL,201708,NULL,1),(1843,1,657,123,0,NULL,1,NULL,201708,NULL,1),(1844,1,658,124,0,NULL,1,NULL,201708,NULL,1),(1845,1,659,123,0,NULL,1,NULL,201708,NULL,1),(1846,1,660,124,0,NULL,1,NULL,201708,NULL,1),(1847,1,661,123,0,NULL,1,NULL,201708,NULL,1),(1848,1,662,124,0,NULL,1,NULL,201708,NULL,1),(1849,1,663,123,0,NULL,1,NULL,201708,NULL,1),(1850,1,664,124,0,NULL,1,NULL,201708,NULL,1),(1851,1,665,123,0,NULL,1,NULL,201708,NULL,1),(1852,1,666,124,0,NULL,1,NULL,201708,NULL,1),(1853,1,667,123,0,NULL,1,NULL,201708,NULL,1),(1854,1,668,124,0,NULL,1,NULL,201708,NULL,1),(1855,1,669,123,0,NULL,1,NULL,201708,NULL,1),(1856,1,670,124,0,NULL,1,NULL,201708,NULL,1),(1857,1,671,123,0,NULL,1,NULL,201708,NULL,1),(1858,1,672,124,0,NULL,1,NULL,201708,NULL,1),(1859,1,673,123,0,NULL,1,NULL,201708,NULL,1),(1860,1,674,124,0,NULL,1,NULL,201708,NULL,1),(1861,1,675,123,0,NULL,1,NULL,201708,NULL,1),(1862,1,676,124,0,NULL,1,NULL,201708,NULL,1),(1863,1,677,123,0,NULL,1,NULL,201708,NULL,1),(1864,1,678,124,0,NULL,1,NULL,201708,NULL,1),(1865,1,679,123,0,NULL,1,NULL,201708,NULL,1),(1866,1,680,124,0,NULL,1,NULL,201708,NULL,1),(1867,1,681,123,0,NULL,1,NULL,201708,NULL,1),(1868,1,682,124,0,NULL,1,NULL,201708,NULL,1),(1869,1,683,123,0,NULL,1,NULL,201708,NULL,1),(1870,1,684,124,0,NULL,1,NULL,201708,NULL,1),(1871,1,685,123,0,NULL,1,NULL,201708,NULL,1),(1872,1,686,124,0,NULL,1,NULL,201708,NULL,1),(1873,1,687,123,0,NULL,1,NULL,201708,NULL,1),(1874,1,688,124,0,NULL,1,NULL,201708,NULL,1),(1875,1,689,123,0,NULL,1,NULL,201708,NULL,1),(1876,1,690,124,0,NULL,1,NULL,201708,NULL,1),(1877,1,691,123,0,NULL,1,NULL,201708,NULL,1),(1878,1,692,124,0,NULL,1,NULL,201708,NULL,1),(1879,1,693,123,0,NULL,1,NULL,201708,NULL,1),(1880,1,694,124,0,NULL,1,NULL,201708,NULL,1),(1881,1,695,123,0,NULL,1,NULL,201708,NULL,1),(1882,1,696,124,0,NULL,1,NULL,201708,NULL,1),(1883,1,697,123,0,NULL,1,NULL,201708,NULL,1),(1884,1,698,124,0,NULL,1,NULL,201708,NULL,1),(1885,1,699,123,0,NULL,1,NULL,201708,NULL,1),(1886,1,700,124,0,NULL,1,NULL,201708,NULL,1),(1887,1,701,123,0,NULL,1,NULL,201708,NULL,1),(1888,1,702,124,0,NULL,1,NULL,201708,NULL,1),(1889,1,703,123,0,NULL,1,NULL,201708,NULL,1),(1890,1,704,124,0,NULL,1,NULL,201708,NULL,1),(1891,1,705,123,0,NULL,1,NULL,201708,NULL,1),(1892,1,706,124,0,NULL,1,NULL,201708,NULL,1),(1893,1,707,123,0,NULL,1,NULL,201708,NULL,1),(1894,1,708,124,0,NULL,1,NULL,201708,NULL,1),(1895,1,709,123,0,NULL,1,NULL,201708,NULL,1),(1896,1,710,124,0,NULL,1,NULL,201708,NULL,1),(1897,1,711,123,0,NULL,1,NULL,201708,NULL,1),(1898,1,712,124,0,NULL,1,NULL,201708,NULL,1),(1899,1,713,123,0,NULL,1,NULL,201708,NULL,1),(1900,1,714,124,0,NULL,1,NULL,201708,NULL,1),(1901,1,715,123,0,NULL,1,NULL,201708,NULL,1),(1902,1,716,124,0,NULL,1,NULL,201708,NULL,1),(1903,1,717,123,0,NULL,1,NULL,201708,NULL,1),(1904,1,718,124,0,NULL,1,NULL,201708,NULL,1),(1905,1,719,123,0,NULL,1,NULL,201708,NULL,1),(1906,1,720,124,0,NULL,1,NULL,201708,NULL,1),(1907,1,721,123,0,NULL,1,NULL,201708,NULL,1),(1908,1,722,124,0,NULL,1,NULL,201708,NULL,1),(1909,1,723,123,0,NULL,1,NULL,201708,NULL,1),(1910,1,724,124,0,NULL,1,NULL,201708,NULL,1),(1911,1,725,123,0,NULL,1,NULL,201708,NULL,1),(1912,1,726,124,0,NULL,1,NULL,201708,NULL,1),(1913,1,727,123,0,NULL,1,NULL,201708,NULL,1),(1914,1,728,124,0,NULL,1,NULL,201708,NULL,1),(1915,1,729,123,0,NULL,1,NULL,201708,NULL,1),(1916,1,730,124,0,NULL,1,NULL,201708,NULL,1),(1917,1,731,123,0,NULL,1,NULL,201708,NULL,1),(1918,1,732,124,0,NULL,1,NULL,201708,NULL,1),(1919,1,733,123,0,NULL,1,NULL,201708,NULL,1),(1920,1,734,124,0,NULL,1,NULL,201708,NULL,1),(1921,1,735,123,0,NULL,1,NULL,201708,NULL,1),(1922,1,736,124,0,NULL,1,NULL,201708,NULL,1),(1923,1,737,123,0,NULL,1,NULL,201708,NULL,1),(1924,1,738,124,0,NULL,1,NULL,201708,NULL,1),(1925,1,739,123,0,NULL,1,NULL,201708,NULL,1),(1926,1,740,124,0,NULL,1,NULL,201708,NULL,1),(1927,1,741,123,0,NULL,1,NULL,201708,NULL,1),(1928,1,742,124,0,NULL,1,NULL,201708,NULL,1),(1929,1,743,123,0,NULL,1,NULL,201708,NULL,1),(1930,1,744,124,0,NULL,1,NULL,201708,NULL,1),(1931,1,745,123,0,NULL,1,NULL,201708,NULL,1),(1932,1,746,124,0,NULL,1,NULL,201708,NULL,1),(1933,1,747,123,0,NULL,1,NULL,201708,NULL,1),(1934,1,748,124,0,NULL,1,NULL,201708,NULL,1),(1935,1,749,123,0,NULL,1,NULL,201708,NULL,1),(1936,1,750,124,0,NULL,1,NULL,201708,NULL,1),(1937,1,751,123,0,NULL,1,NULL,201708,NULL,1),(1938,1,752,124,0,NULL,1,NULL,201708,NULL,1),(1939,1,753,123,0,NULL,1,NULL,201708,NULL,1),(1940,1,754,124,0,NULL,1,NULL,201708,NULL,1),(1941,1,755,123,0,NULL,1,NULL,201708,NULL,1),(1942,1,756,124,0,NULL,1,NULL,201708,NULL,1),(1943,1,757,123,0,NULL,1,NULL,201708,NULL,1),(1944,1,758,124,0,NULL,1,NULL,201708,NULL,1),(1945,1,759,123,0,NULL,1,NULL,201708,NULL,1),(1946,1,760,124,0,NULL,1,NULL,201708,NULL,1),(1947,1,761,123,0,NULL,1,NULL,201708,NULL,1),(1948,1,762,124,0,NULL,1,NULL,201708,NULL,1),(1949,1,763,123,0,NULL,1,NULL,201708,NULL,1),(1950,1,764,124,0,NULL,1,NULL,201708,NULL,1),(1951,1,765,123,0,NULL,1,NULL,201708,NULL,1),(1952,1,766,124,0,NULL,1,NULL,201708,NULL,1),(1953,1,767,123,0,NULL,1,NULL,201708,NULL,1),(1954,1,768,124,0,NULL,1,NULL,201708,NULL,1),(1955,1,769,123,0,NULL,1,NULL,201708,NULL,1),(1956,1,770,124,0,NULL,1,NULL,201708,NULL,1),(1957,1,771,123,0,NULL,1,NULL,201708,NULL,1),(1958,1,772,124,0,NULL,1,NULL,201708,NULL,1),(1959,1,773,123,0,NULL,1,NULL,201708,NULL,1),(1960,1,774,124,0,NULL,1,NULL,201708,NULL,1),(1961,1,775,123,0,NULL,1,NULL,201708,NULL,1),(1962,1,776,124,0,NULL,1,NULL,201708,NULL,1),(1963,1,777,123,0,NULL,1,NULL,201708,NULL,1),(1964,1,778,124,0,NULL,1,NULL,201708,NULL,1),(1965,1,779,123,0,NULL,1,NULL,201708,NULL,1),(1966,1,780,124,0,NULL,1,NULL,201708,NULL,1),(1967,1,781,123,0,NULL,1,NULL,201708,NULL,1),(1968,1,782,124,0,NULL,1,NULL,201708,NULL,1),(1969,1,783,123,0,NULL,1,NULL,201708,NULL,1),(1970,1,784,124,0,NULL,1,NULL,201708,NULL,1),(1971,1,785,123,0,NULL,1,NULL,201708,NULL,1),(1972,1,786,124,0,NULL,1,NULL,201708,NULL,1),(1973,1,787,123,0,NULL,1,NULL,201708,NULL,1),(1974,1,788,124,0,NULL,1,NULL,201708,NULL,1),(1975,1,789,123,0,NULL,1,NULL,201708,NULL,1),(1976,1,790,124,0,NULL,1,NULL,201708,NULL,1),(1977,1,791,123,0,NULL,1,NULL,201708,NULL,1),(1978,1,792,124,0,NULL,1,NULL,201708,NULL,1),(1979,1,793,123,0,NULL,1,NULL,201708,NULL,1),(1980,1,794,124,0,NULL,1,NULL,201708,NULL,1),(1981,1,795,123,0,NULL,1,NULL,201708,NULL,1),(1982,1,796,124,0,NULL,1,NULL,201708,NULL,1),(1983,1,797,123,0,NULL,1,NULL,201708,NULL,1),(1984,1,798,124,0,NULL,1,NULL,201708,NULL,1),(1985,1,799,123,0,NULL,1,NULL,201708,NULL,1),(1986,1,800,124,0,NULL,1,NULL,201708,NULL,1),(1987,1,801,123,0,NULL,1,NULL,201708,NULL,1),(1988,1,802,124,0,NULL,1,NULL,201708,NULL,1),(1989,1,803,123,0,NULL,1,NULL,201708,NULL,1),(1990,1,804,124,0,NULL,1,NULL,201708,NULL,1),(1991,1,805,123,0,NULL,1,NULL,201708,NULL,1),(1992,1,806,124,0,NULL,1,NULL,201708,NULL,1),(1993,1,807,123,0,NULL,1,NULL,201708,NULL,1),(1994,1,808,124,0,NULL,1,NULL,201708,NULL,1),(1995,1,809,123,0,NULL,1,NULL,201708,NULL,1),(1996,1,810,124,0,NULL,1,NULL,201708,NULL,1),(1997,1,811,123,0,NULL,1,NULL,201708,NULL,1),(1998,1,812,124,0,NULL,1,NULL,201708,NULL,1),(1999,1,813,123,0,NULL,1,NULL,201708,NULL,1),(2000,1,814,124,0,NULL,1,NULL,201708,NULL,1),(2001,1,815,123,0,NULL,1,NULL,201708,NULL,1),(2002,1,816,124,0,NULL,1,NULL,201708,NULL,1),(2003,1,817,123,0,NULL,1,NULL,201708,NULL,1),(2004,1,818,124,0,NULL,1,NULL,201708,NULL,1),(2005,1,819,123,0,NULL,1,NULL,201708,NULL,1),(2006,1,820,124,0,NULL,1,NULL,201708,NULL,1),(2007,1,821,123,0,NULL,1,NULL,201708,NULL,1),(2008,1,822,124,0,NULL,1,NULL,201708,NULL,1),(2009,1,823,123,0,NULL,1,NULL,201708,NULL,1),(2010,1,824,124,0,NULL,1,NULL,201708,NULL,1),(2011,1,825,123,0,NULL,1,NULL,201708,NULL,1),(2012,1,826,124,0,NULL,1,NULL,201708,NULL,1),(2013,1,827,123,0,NULL,1,NULL,201708,NULL,1),(2014,1,828,124,0,NULL,1,NULL,201708,NULL,1),(2015,1,829,123,0,NULL,1,NULL,201708,NULL,1),(2016,1,830,124,0,NULL,1,NULL,201708,NULL,1),(2017,1,831,123,0,NULL,1,NULL,201708,NULL,1),(2018,1,832,124,0,NULL,1,NULL,201708,NULL,1),(2019,1,833,123,0,NULL,1,NULL,201708,NULL,1),(2020,1,834,124,0,NULL,1,NULL,201708,NULL,1),(2021,1,835,123,0,NULL,1,NULL,201708,NULL,1),(2022,1,836,124,0,NULL,1,NULL,201708,NULL,1),(2023,1,837,123,0,NULL,1,NULL,201708,NULL,1),(2024,1,838,124,0,NULL,1,NULL,201708,NULL,1),(2025,1,839,123,0,NULL,1,NULL,201708,NULL,1),(2026,1,840,124,0,NULL,1,NULL,201708,NULL,1),(2027,1,841,123,0,NULL,1,NULL,201708,NULL,1),(2028,1,842,124,0,NULL,1,NULL,201708,NULL,1),(2029,1,843,123,0,NULL,1,NULL,201708,NULL,1),(2030,1,844,124,0,NULL,1,NULL,201708,NULL,1),(2031,1,845,123,0,NULL,1,NULL,201708,NULL,1),(2032,1,846,124,0,NULL,1,NULL,201708,NULL,1),(2033,1,847,123,0,NULL,1,NULL,201708,NULL,1),(2034,1,848,124,0,NULL,1,NULL,201708,NULL,1),(2035,1,849,123,0,NULL,1,NULL,201708,NULL,1),(2036,1,850,124,0,NULL,1,NULL,201708,NULL,1),(2037,1,851,123,0,NULL,1,NULL,201708,NULL,1),(2038,1,852,124,0,NULL,1,NULL,201708,NULL,1),(2039,1,853,123,0,NULL,1,NULL,201708,NULL,1),(2040,1,854,124,0,NULL,1,NULL,201708,NULL,1),(2041,1,855,123,0,NULL,1,NULL,201708,NULL,1),(2042,1,856,124,0,NULL,1,NULL,201708,NULL,1),(2043,1,857,123,0,NULL,1,NULL,201708,NULL,1),(2044,1,858,124,0,NULL,1,NULL,201708,NULL,1),(2045,1,859,123,0,NULL,1,NULL,201708,NULL,1),(2046,1,860,124,0,NULL,1,NULL,201708,NULL,1),(2047,1,861,123,0,NULL,1,NULL,201708,NULL,1),(2048,1,862,124,0,NULL,1,NULL,201708,NULL,1),(2049,1,863,123,0,NULL,1,NULL,201708,NULL,1),(2050,1,864,124,0,NULL,1,NULL,201708,NULL,1),(2051,1,865,123,0,NULL,1,NULL,201708,NULL,1),(2052,1,866,124,0,NULL,1,NULL,201708,NULL,1),(2053,1,867,123,0,NULL,1,NULL,201708,NULL,1),(2054,1,868,124,0,NULL,1,NULL,201708,NULL,1),(2055,1,869,123,0,NULL,1,NULL,201708,NULL,1),(2056,1,870,124,0,NULL,1,NULL,201708,NULL,1),(2057,1,871,123,0,NULL,1,NULL,201708,NULL,1),(2058,1,872,124,0,NULL,1,NULL,201708,NULL,1),(2059,1,873,123,0,NULL,1,NULL,201708,NULL,1),(2060,1,874,124,0,NULL,1,NULL,201708,NULL,1),(2061,1,875,123,0,NULL,1,NULL,201708,NULL,1),(2062,1,876,124,0,NULL,1,NULL,201708,NULL,1),(2063,1,877,123,0,NULL,1,NULL,201708,NULL,1),(2064,1,878,124,0,NULL,1,NULL,201708,NULL,1),(2065,1,879,123,0,NULL,1,NULL,201708,NULL,1),(2066,1,880,124,0,NULL,1,NULL,201708,NULL,1),(2067,1,881,123,0,NULL,1,NULL,201708,NULL,1),(2068,1,882,124,0,NULL,1,NULL,201708,NULL,1),(2069,1,883,123,0,NULL,1,NULL,201708,NULL,1),(2070,1,884,124,0,NULL,1,NULL,201708,NULL,1),(2071,1,885,123,0,NULL,1,NULL,201708,NULL,1),(2072,1,886,124,0,NULL,1,NULL,201708,NULL,1),(2073,1,887,123,0,NULL,1,NULL,201708,NULL,1),(2074,1,888,124,0,NULL,1,NULL,201708,NULL,1),(2075,1,889,123,0,NULL,1,NULL,201708,NULL,1),(2076,1,890,124,0,NULL,1,NULL,201708,NULL,1),(2077,1,891,123,0,NULL,1,NULL,201708,NULL,1),(2078,1,892,124,0,NULL,1,NULL,201708,NULL,1),(2079,1,893,123,0,NULL,1,NULL,201708,NULL,1),(2080,1,894,124,0,NULL,1,NULL,201708,NULL,1),(2081,1,895,123,0,NULL,1,NULL,201708,NULL,1),(2082,1,896,124,0,NULL,1,NULL,201708,NULL,1),(2083,1,897,123,0,NULL,1,NULL,201708,NULL,1),(2084,1,898,124,0,NULL,1,NULL,201708,NULL,1),(2085,1,899,123,0,NULL,1,NULL,201708,NULL,1),(2086,1,900,124,0,NULL,1,NULL,201708,NULL,1),(2087,1,901,123,0,NULL,1,NULL,201708,NULL,1),(2088,1,902,124,0,NULL,1,NULL,201708,NULL,1),(2089,1,903,123,0,NULL,1,NULL,201708,NULL,1),(2090,1,904,124,0,NULL,1,NULL,201708,NULL,1),(2091,1,905,123,0,NULL,1,NULL,201708,NULL,1),(2092,1,906,124,0,NULL,1,NULL,201708,NULL,1),(2093,1,907,123,0,NULL,1,NULL,201708,NULL,1),(2094,1,908,124,0,NULL,1,NULL,201708,NULL,1),(2095,1,909,123,0,NULL,1,NULL,201708,NULL,1),(2096,1,910,124,0,NULL,1,NULL,201708,NULL,1),(2097,1,911,123,0,NULL,1,NULL,201708,NULL,1),(2098,1,912,124,0,NULL,1,NULL,201708,NULL,1),(2099,1,913,123,0,NULL,1,NULL,201708,NULL,1),(2100,1,914,124,0,NULL,1,NULL,201708,NULL,1),(2101,1,915,123,0,NULL,1,NULL,201708,NULL,1),(2102,1,916,124,0,NULL,1,NULL,201708,NULL,1),(2103,1,917,123,0,NULL,1,NULL,201708,NULL,1),(2104,1,918,124,0,NULL,1,NULL,201708,NULL,1),(2105,1,919,123,0,NULL,1,NULL,201708,NULL,1),(2106,1,920,124,0,NULL,1,NULL,201708,NULL,1),(2107,1,921,123,0,NULL,1,NULL,201708,NULL,1),(2108,1,922,124,0,NULL,1,NULL,201708,NULL,1),(2109,1,923,123,0,NULL,1,NULL,201708,NULL,1),(2110,1,924,124,0,NULL,1,NULL,201708,NULL,1),(2111,1,925,123,0,NULL,1,NULL,201708,NULL,1),(2112,1,926,124,0,NULL,1,NULL,201708,NULL,1),(2113,1,927,123,0,NULL,1,NULL,201708,NULL,1),(2114,1,928,124,0,NULL,1,NULL,201708,NULL,1),(2115,1,929,123,0,NULL,1,NULL,201708,NULL,1),(2116,1,930,124,0,NULL,1,NULL,201708,NULL,1),(2117,1,931,123,0,NULL,1,NULL,201708,NULL,1),(2118,1,932,124,0,NULL,1,NULL,201708,NULL,1),(2119,1,933,123,0,NULL,1,NULL,201708,NULL,1),(2120,1,934,124,0,NULL,1,NULL,201708,NULL,1),(2121,1,935,123,0,NULL,1,NULL,201708,NULL,1),(2122,1,936,124,0,NULL,1,NULL,201708,NULL,1),(2123,1,1,180,1,50,2,'2017-10-18',201710,NULL,1),(2124,1,2,101,1,23,2,'2017-10-18',201710,NULL,1),(2125,1,183,100,1,23,4,'2017-10-18',201710,NULL,1),(2126,1,3,100,1,23,2,'2017-10-24',201710,NULL,1),(2127,1,4,101,1,23,2,'2017-10-24',201710,NULL,1),(2128,1,5,100,1,23,2,'2017-10-24',201710,NULL,1),(2129,1,8,101,1,23,2,'2017-10-26',201710,NULL,1),(2131,1,183,100,1,23,2,'2017-10-26',201710,NULL,1),(2132,1,7,100,1,23,2,'2017-10-26',201710,NULL,1),(2133,1,14,111,0,NULL,1,'1899-12-31',201709,NULL,1),(2134,1,158,101,1,23,2,'2017-11-06',201711,NULL,1),(2135,1,5,100,1,23,2,'2017-11-06',201711,NULL,1),(2136,1,2,101,1,23,2,'2017-11-06',201711,NULL,1),(2137,1,4,101,1,23,2,'2017-11-06',201711,NULL,1),(2138,1,6,124,0,23,2,'2017-11-06',201711,NULL,1),(2139,1,3,100,1,23,2,'2017-11-06',201711,NULL,1),(2140,1,1,180,1,50,2,'2017-11-06',201711,NULL,1);
/*!40000 ALTER TABLE `gastoscomunes` ENABLE KEYS */;
UNLOCK TABLES;

--
-- Table structure for table `grupo`
--

DROP TABLE IF EXISTS `grupo`;
/*!40101 SET @saved_cs_client     = @@character_set_client */;
/*!40101 SET character_set_client = utf8 */;
CREATE TABLE `grupo` (
  `idgrupo` int(11) NOT NULL,
  `nombre` varchar(45) DEFAULT NULL,
  `descripcion` varchar(80) DEFAULT NULL,
  `activo` tinyint(1) NOT NULL,
  PRIMARY KEY (`idgrupo`)
) ENGINE=InnoDB DEFAULT CHARSET=utf8;
/*!40101 SET character_set_client = @saved_cs_client */;

--
-- Dumping data for table `grupo`
--

LOCK TABLES `grupo` WRITE;
/*!40000 ALTER TABLE `grupo` DISABLE KEYS */;
INSERT INTO `grupo` VALUES (0,'Sanitario','Sanitario',1),(1,'Albail','Albail',1);
/*!40000 ALTER TABLE `grupo` ENABLE KEYS */;
UNLOCK TABLES;

--
-- Table structure for table `historialmonto`
--

DROP TABLE IF EXISTS `historialmonto`;
/*!40101 SET @saved_cs_client     = @@character_set_client */;
/*!40101 SET character_set_client = utf8 */;
CREATE TABLE `historialmonto` (
  `idhistorialMonto` int(11) NOT NULL,
  `fechaActualizacion` date DEFAULT NULL,
  `valorPesos` int(11) DEFAULT NULL,
  `monto_idmonto` int(11) NOT NULL,
  `activo` tinyint(1) DEFAULT NULL,
  PRIMARY KEY (`idhistorialMonto`,`monto_idmonto`),
  KEY `fk_historialMonto_monto1_idx` (`monto_idmonto`),
  CONSTRAINT `fk_historialMonto_monto1` FOREIGN KEY (`monto_idmonto`) REFERENCES `monto` (`idmonto`) ON DELETE NO ACTION ON UPDATE NO ACTION
) ENGINE=InnoDB DEFAULT CHARSET=utf8;
/*!40101 SET character_set_client = @saved_cs_client */;

--
-- Dumping data for table `historialmonto`
--

LOCK TABLES `historialmonto` WRITE;
/*!40000 ALTER TABLE `historialmonto` DISABLE KEYS */;
/*!40000 ALTER TABLE `historialmonto` ENABLE KEYS */;
UNLOCK TABLES;

--
-- Table structure for table `historialtrabajo`
--

DROP TABLE IF EXISTS `historialtrabajo`;
/*!40101 SET @saved_cs_client     = @@character_set_client */;
/*!40101 SET character_set_client = utf8 */;
CREATE TABLE `historialtrabajo` (
  `idHistorialTrabajo` int(11) NOT NULL,
  `Descripcion` varchar(150) DEFAULT NULL,
  `Fecha` date DEFAULT NULL,
  `Trabajo_idTrabajo` int(11) NOT NULL,
  `tecnico_idTrabajador` int(11) NOT NULL,
  `estado_idEstado` int(11) NOT NULL,
  PRIMARY KEY (`idHistorialTrabajo`,`Trabajo_idTrabajo`),
  KEY `fk_HistorialTrabajo_Trabajo1_idx` (`Trabajo_idTrabajo`),
  KEY `fk_HistorialTrabajo_tecnico1_idx` (`tecnico_idTrabajador`),
  KEY `fk_Estado_idEstado_idx` (`estado_idEstado`),
  CONSTRAINT `fk_Estado_idEstado` FOREIGN KEY (`estado_idEstado`) REFERENCES `estado` (`idestado`) ON DELETE NO ACTION ON UPDATE NO ACTION,
  CONSTRAINT `fk_HistorialTrabajo_Trabajo1` FOREIGN KEY (`Trabajo_idTrabajo`) REFERENCES `trabajo` (`idTrabajo`) ON DELETE NO ACTION ON UPDATE NO ACTION,
  CONSTRAINT `fk_HistorialTrabajo_tecnico1` FOREIGN KEY (`tecnico_idTrabajador`) REFERENCES `tecnico` (`idTecnico`) ON DELETE NO ACTION ON UPDATE NO ACTION
) ENGINE=InnoDB DEFAULT CHARSET=utf8;
/*!40101 SET character_set_client = @saved_cs_client */;

--
-- Dumping data for table `historialtrabajo`
--

LOCK TABLES `historialtrabajo` WRITE;
/*!40000 ALTER TABLE `historialtrabajo` DISABLE KEYS */;
INSERT INTO `historialtrabajo` VALUES (0,'','2017-11-07',0,1,0),(1,'se termino el trabajo','2017-11-07',0,1,1),(2,'proceso nuevo','2017-11-08',0,2,0);
/*!40000 ALTER TABLE `historialtrabajo` ENABLE KEYS */;
UNLOCK TABLES;

--
-- Table structure for table `listaprecios`
--

DROP TABLE IF EXISTS `listaprecios`;
/*!40101 SET @saved_cs_client     = @@character_set_client */;
/*!40101 SET character_set_client = utf8 */;
CREATE TABLE `listaprecios` (
  `idlistaPrecios` int(11) NOT NULL,
  `precio` int(11) DEFAULT NULL,
  `cantidad` int(11) DEFAULT NULL,
  `fecha` date DEFAULT NULL,
  `material_idmaterial` int(11) NOT NULL,
  `activo` tinyint(1) DEFAULT NULL,
  PRIMARY KEY (`idlistaPrecios`,`material_idmaterial`),
  KEY `fk_listaPrecios_material_idx` (`material_idmaterial`),
  CONSTRAINT `fk_listaPrecios_material` FOREIGN KEY (`material_idmaterial`) REFERENCES `material` (`idmaterial`) ON DELETE NO ACTION ON UPDATE NO ACTION
) ENGINE=InnoDB DEFAULT CHARSET=utf8;
/*!40101 SET character_set_client = @saved_cs_client */;

--
-- Dumping data for table `listaprecios`
--

LOCK TABLES `listaprecios` WRITE;
/*!40000 ALTER TABLE `listaprecios` DISABLE KEYS */;
INSERT INTO `listaprecios` VALUES (-1,150,0,'2017-11-06',-1,1),(-1,130,4,'2017-11-06',0,1),(-1,150,12,'2017-11-06',2,1);
/*!40000 ALTER TABLE `listaprecios` ENABLE KEYS */;
UNLOCK TABLES;

--
-- Table structure for table `material`
--

DROP TABLE IF EXISTS `material`;
/*!40101 SET @saved_cs_client     = @@character_set_client */;
/*!40101 SET character_set_client = utf8 */;
CREATE TABLE `material` (
  `idmaterial` int(11) NOT NULL,
  `nombre` varchar(45) DEFAULT NULL,
  `descripcion` varchar(150) DEFAULT NULL,
  `cantidad` int(11) DEFAULT NULL,
  `entrada` int(11) DEFAULT NULL,
  `salida` int(11) DEFAULT NULL,
  `activo` tinyint(1) NOT NULL,
  PRIMARY KEY (`idmaterial`)
) ENGINE=InnoDB DEFAULT CHARSET=utf8;
/*!40101 SET character_set_client = @saved_cs_client */;

--
-- Dumping data for table `material`
--

LOCK TABLES `material` WRITE;
/*!40000 ALTER TABLE `material` DISABLE KEYS */;
INSERT INTO `material` VALUES (-1,'Clavos 30mm','Clavos 30mm',200,200,0,1),(0,'Clavos 5mm','Clavos 5mm',304,304,0,1),(1,'Taco fisher yeso','Taco fisher yeso	',50,50,0,1),(2,'Tuercas','tuercas	',162,162,0,1),(3,'Goma Canilla','Goma Canilla',100,100,0,1);
/*!40000 ALTER TABLE `material` ENABLE KEYS */;
UNLOCK TABLES;

--
-- Table structure for table `monto`
--

DROP TABLE IF EXISTS `monto`;
/*!40101 SET @saved_cs_client     = @@character_set_client */;
/*!40101 SET character_set_client = utf8 */;
CREATE TABLE `monto` (
  `idmonto` int(11) NOT NULL,
  `descripcion` varchar(45) DEFAULT NULL,
  `simbolo` varchar(45) DEFAULT NULL,
  `tipoMonto` varchar(45) DEFAULT NULL,
  `valorPesos` int(11) DEFAULT NULL,
  `fechaActualizacion` date DEFAULT NULL,
  `activo` tinyint(1) DEFAULT NULL,
  PRIMARY KEY (`idmonto`)
) ENGINE=InnoDB DEFAULT CHARSET=utf8;
/*!40101 SET character_set_client = @saved_cs_client */;

--
-- Dumping data for table `monto`
--

LOCK TABLES `monto` WRITE;
/*!40000 ALTER TABLE `monto` DISABLE KEYS */;
INSERT INTO `monto` VALUES (1,'Pesos','$','1',1,'2017-02-03',1);
/*!40000 ALTER TABLE `monto` ENABLE KEYS */;
UNLOCK TABLES;

--
-- Table structure for table `otrosgastos`
--

DROP TABLE IF EXISTS `otrosgastos`;
/*!40101 SET @saved_cs_client     = @@character_set_client */;
/*!40101 SET character_set_client = utf8 */;
CREATE TABLE `otrosgastos` (
  `idotrosGastos` int(11) NOT NULL,
  `secuencia` int(11) DEFAULT NULL,
  `descripcion` varchar(80) DEFAULT NULL,
  `monto` int(11) DEFAULT NULL,
  `fecha` date DEFAULT NULL,
  `pago` tinyint(1) DEFAULT NULL,
  `concepto_idconcepto` int(11) NOT NULL,
  `monto_idmonto` int(11) NOT NULL,
  `unidad_idUnidad` int(11) NOT NULL,
  `activo` tinyint(1) NOT NULL,
  PRIMARY KEY (`idotrosGastos`,`unidad_idUnidad`),
  KEY `fk_otrosGastos_concepto1_idx` (`concepto_idconcepto`),
  KEY `fk_otrosGastos_monto1_idx` (`monto_idmonto`),
  KEY `fk_otrosGastos_unidad1_idx` (`unidad_idUnidad`),
  CONSTRAINT `fk_otrosGastos_concepto1` FOREIGN KEY (`concepto_idconcepto`) REFERENCES `concepto` (`idconcepto`) ON DELETE NO ACTION ON UPDATE NO ACTION,
  CONSTRAINT `fk_otrosGastos_monto1` FOREIGN KEY (`monto_idmonto`) REFERENCES `monto` (`idmonto`) ON DELETE NO ACTION ON UPDATE NO ACTION,
  CONSTRAINT `fk_otrosGastos_unidad1` FOREIGN KEY (`unidad_idUnidad`) REFERENCES `unidad` (`idUnidad`) ON DELETE NO ACTION ON UPDATE NO ACTION
) ENGINE=InnoDB DEFAULT CHARSET=utf8;
/*!40101 SET character_set_client = @saved_cs_client */;

--
-- Dumping data for table `otrosgastos`
--

LOCK TABLES `otrosgastos` WRITE;
/*!40000 ALTER TABLE `otrosgastos` DISABLE KEYS */;
INSERT INTO `otrosgastos` VALUES (-1,1243,'',125,'2017-11-06',1,1,1,10,1),(-1,121545,'cambio de lamparas',120,'2017-10-26',1,0,1,315,1),(-1,120305,'',1023,'2017-11-06',1,0,1,937,1);
/*!40000 ALTER TABLE `otrosgastos` ENABLE KEYS */;
UNLOCK TABLES;

--
-- Table structure for table `permisosusuario`
--

DROP TABLE IF EXISTS `permisosusuario`;
/*!40101 SET @saved_cs_client     = @@character_set_client */;
/*!40101 SET character_set_client = utf8 */;
CREATE TABLE `permisosusuario` (
  `tipousuario_id` int(11) NOT NULL,
  `pagina` varchar(80) NOT NULL,
  `permiso` int(11) NOT NULL,
  PRIMARY KEY (`pagina`,`tipousuario_id`),
  KEY `tipousuario_idtipousuario_idx` (`tipousuario_id`),
  CONSTRAINT `tipousuario_idtipousuario` FOREIGN KEY (`tipousuario_id`) REFERENCES `tipousuario` (`id`) ON DELETE NO ACTION ON UPDATE NO ACTION
) ENGINE=InnoDB DEFAULT CHARSET=utf8;
/*!40101 SET character_set_client = @saved_cs_client */;

--
-- Dumping data for table `permisosusuario`
--

LOCK TABLES `permisosusuario` WRITE;
/*!40000 ALTER TABLE `permisosusuario` DISABLE KEYS */;
INSERT INTO `permisosusuario` VALUES (1,'Administracion',7),(2,'Administracion',7),(3,'Administracion',7),(1,'BajaLicencia',7),(1,'Concepto',7),(1,'Configuracion',7),(1,'Convenios',7),(3,'Convenios',7),(1,'Cotizacion',7),(1,'Estado',7),(1,'GastosComunes',7),(2,'GastosComunes',7),(1,'Grupo',7),(1,'ImportarExcel',7),(0,'Inicio',7),(1,'Inicio',7),(2,'Inicio',7),(3,'Inicio',7),(1,'ListaPrecios',7),(1,'Mantenimiento',7),(1,'Material',7),(1,'NotaCreditoGC',7),(2,'NotaCreditoGC',7),(1,'OtrosGastos',7),(1,'PagoConvenios',7),(3,'PagoConvenios',7),(1,'ReglaBonificacion',7),(0,'Reportes',7),(1,'Reportes',7),(1,'Seguridad',7),(1,'Tecnico',7),(1,'TipoDuracion',7),(1,'TipoUsuario',7),(1,'Unidades',7),(1,'Urgencia',7),(1,'Usuario',7),(1,'ValorGastosComunes',7);
/*!40000 ALTER TABLE `permisosusuario` ENABLE KEYS */;
UNLOCK TABLES;

--
-- Table structure for table `reglabonificacion`
--

DROP TABLE IF EXISTS `reglabonificacion`;
/*!40101 SET @saved_cs_client     = @@character_set_client */;
/*!40101 SET character_set_client = utf8 */;
CREATE TABLE `reglabonificacion` (
  `idreglaBonificacion` int(11) NOT NULL,
  `descripcion` varchar(80) DEFAULT NULL,
  `diaAPagar` int(11) DEFAULT NULL,
  `tipoBonificacion` int(11) DEFAULT NULL,
  `valor` int(11) DEFAULT NULL,
  `moneda` int(11) DEFAULT NULL,
  `activo` tinyint(1) NOT NULL,
  `habitaciones` int(11) DEFAULT NULL,
  PRIMARY KEY (`idreglaBonificacion`),
  KEY `moneda_idx` (`moneda`),
  CONSTRAINT `moneda` FOREIGN KEY (`moneda`) REFERENCES `monto` (`idmonto`) ON DELETE NO ACTION ON UPDATE NO ACTION
) ENGINE=InnoDB DEFAULT CHARSET=utf8;
/*!40101 SET character_set_client = @saved_cs_client */;

--
-- Dumping data for table `reglabonificacion`
--

LOCK TABLES `reglabonificacion` WRITE;
/*!40000 ALTER TABLE `reglabonificacion` DISABLE KEYS */;
INSERT INTO `reglabonificacion` VALUES (0,'dia 6',6,0,15,1,1,NULL),(1,'dia 5',5,0,15,1,1,NULL),(2,'dia 12',12,0,10,1,1,NULL),(3,'dia 12',12,0,150,1,1,NULL),(5,'dia 28',28,2,23,1,1,2),(6,'dia 30',30,2,23,1,1,3),(7,'dia 26',26,2,50,1,1,5);
/*!40000 ALTER TABLE `reglabonificacion` ENABLE KEYS */;
UNLOCK TABLES;

--
-- Table structure for table `tecnico`
--

DROP TABLE IF EXISTS `tecnico`;
/*!40101 SET @saved_cs_client     = @@character_set_client */;
/*!40101 SET character_set_client = utf8 */;
CREATE TABLE `tecnico` (
  `idTecnico` int(11) NOT NULL,
  `nombre` varchar(60) DEFAULT NULL,
  `apellido` varchar(60) DEFAULT NULL,
  `telefono` int(11) DEFAULT NULL,
  `mail` varchar(60) DEFAULT NULL,
  `calificacion` int(11) DEFAULT NULL,
  `estado` int(11) DEFAULT NULL,
  `fechaInicioEstado` date DEFAULT NULL,
  `fechaFinEstado` date DEFAULT NULL,
  `activo` tinyint(1) DEFAULT NULL,
  PRIMARY KEY (`idTecnico`)
) ENGINE=InnoDB DEFAULT CHARSET=utf8;
/*!40101 SET character_set_client = @saved_cs_client */;

--
-- Dumping data for table `tecnico`
--

LOCK TABLES `tecnico` WRITE;
/*!40000 ALTER TABLE `tecnico` DISABLE KEYS */;
INSERT INTO `tecnico` VALUES (1,'Jorge','Lubo',563243211,'Jorge@Lubo.com',0,1,'2017-11-06',NULL,1),(2,'Diego','Atencio',2215464,'Diego@Atencio.com',0,1,'2017-11-06',NULL,1),(3,'Alejandro','Sandoval',3225464,'Alejandro@Sandoval.com',0,1,'2017-11-06',NULL,1),(4,'Sergio','Rivera',31542132,'Sergio@Rivera.com',0,1,'2017-11-06',NULL,1);
/*!40000 ALTER TABLE `tecnico` ENABLE KEYS */;
UNLOCK TABLES;

--
-- Table structure for table `tipobonificacion`
--

DROP TABLE IF EXISTS `tipobonificacion`;
/*!40101 SET @saved_cs_client     = @@character_set_client */;
/*!40101 SET character_set_client = utf8 */;
CREATE TABLE `tipobonificacion` (
  `idtipoBonificacion` int(11) NOT NULL,
  `tipoBonificacion` int(11) DEFAULT NULL,
  `valor` int(11) DEFAULT NULL,
  `activo` tinyint(1) NOT NULL,
  PRIMARY KEY (`idtipoBonificacion`)
) ENGINE=InnoDB DEFAULT CHARSET=utf8;
/*!40101 SET character_set_client = @saved_cs_client */;

--
-- Dumping data for table `tipobonificacion`
--

LOCK TABLES `tipobonificacion` WRITE;
/*!40000 ALTER TABLE `tipobonificacion` DISABLE KEYS */;
/*!40000 ALTER TABLE `tipobonificacion` ENABLE KEYS */;
UNLOCK TABLES;

--
-- Table structure for table `tipoduracion`
--

DROP TABLE IF EXISTS `tipoduracion`;
/*!40101 SET @saved_cs_client     = @@character_set_client */;
/*!40101 SET character_set_client = utf8 */;
CREATE TABLE `tipoduracion` (
  `idtipoDuracion` int(11) NOT NULL,
  `Nombre` varchar(45) DEFAULT NULL,
  `activo` tinyint(1) NOT NULL,
  `descripcion` varchar(80) DEFAULT NULL,
  PRIMARY KEY (`idtipoDuracion`)
) ENGINE=InnoDB DEFAULT CHARSET=utf8;
/*!40101 SET character_set_client = @saved_cs_client */;

--
-- Dumping data for table `tipoduracion`
--

LOCK TABLES `tipoduracion` WRITE;
/*!40000 ALTER TABLE `tipoduracion` DISABLE KEYS */;
INSERT INTO `tipoduracion` VALUES (0,'dias',1,'dias'),(1,'horas',1,'horas');
/*!40000 ALTER TABLE `tipoduracion` ENABLE KEYS */;
UNLOCK TABLES;

--
-- Table structure for table `tipousuario`
--

DROP TABLE IF EXISTS `tipousuario`;
/*!40101 SET @saved_cs_client     = @@character_set_client */;
/*!40101 SET character_set_client = utf8 */;
CREATE TABLE `tipousuario` (
  `id` int(11) NOT NULL,
  `nombre` varchar(45) DEFAULT NULL,
  `descripcion` varchar(80) DEFAULT NULL,
  `activo` tinyint(1) NOT NULL,
  PRIMARY KEY (`id`)
) ENGINE=InnoDB DEFAULT CHARSET=utf8;
/*!40101 SET character_set_client = @saved_cs_client */;

--
-- Dumping data for table `tipousuario`
--

LOCK TABLES `tipousuario` WRITE;
/*!40000 ALTER TABLE `tipousuario` DISABLE KEYS */;
INSERT INTO `tipousuario` VALUES (0,'reoporte','reporte',1),(1,'admin','administrador',1),(2,'gastos comunes','gastos comunes',1),(3,'convenios','convenios',1),(4,'Otro','otro',1),(5,'Visualizador','Visualizador',1);
/*!40000 ALTER TABLE `tipousuario` ENABLE KEYS */;
UNLOCK TABLES;

--
-- Table structure for table `trabajo`
--

DROP TABLE IF EXISTS `trabajo`;
/*!40101 SET @saved_cs_client     = @@character_set_client */;
/*!40101 SET character_set_client = utf8 */;
CREATE TABLE `trabajo` (
  `idTrabajo` int(11) NOT NULL,
  `descripcion` varchar(150) DEFAULT NULL,
  `fechaCreacion` date DEFAULT NULL,
  `fechaVisita` date DEFAULT NULL,
  `calificacion` int(11) DEFAULT NULL,
  `duracionEstimada` int(11) DEFAULT NULL,
  `duracionReal` int(11) DEFAULT NULL,
  `Unidad_idUnidad` int(11) NOT NULL,
  `grupo_idgrupo` int(11) NOT NULL,
  `urgencia_idurgencia` int(11) NOT NULL,
  `estado_idestado` int(11) NOT NULL,
  `tipoDuracion_idtipoDuracion` int(11) NOT NULL,
  `activo` tinyint(2) NOT NULL,
  PRIMARY KEY (`idTrabajo`),
  KEY `fk_Trabajo_Unidad1_idx` (`Unidad_idUnidad`),
  KEY `fk_Trabajo_estado1_idx` (`estado_idestado`),
  KEY `fk_Trabajo_grupo1_idx` (`grupo_idgrupo`),
  KEY `fk_Trabajo_urgencia1_idx` (`urgencia_idurgencia`),
  KEY `fk_trabajo_tipoDuracion1_idx` (`tipoDuracion_idtipoDuracion`),
  CONSTRAINT `fk_Trabajo_Unidad1` FOREIGN KEY (`Unidad_idUnidad`) REFERENCES `unidad` (`idUnidad`) ON DELETE NO ACTION ON UPDATE NO ACTION,
  CONSTRAINT `fk_Trabajo_estado1` FOREIGN KEY (`estado_idestado`) REFERENCES `estado` (`idestado`) ON DELETE NO ACTION ON UPDATE NO ACTION,
  CONSTRAINT `fk_Trabajo_grupo1` FOREIGN KEY (`grupo_idgrupo`) REFERENCES `grupo` (`idgrupo`) ON DELETE NO ACTION ON UPDATE NO ACTION,
  CONSTRAINT `fk_Trabajo_urgencia1` FOREIGN KEY (`urgencia_idurgencia`) REFERENCES `urgencia` (`idurgencia`) ON DELETE NO ACTION ON UPDATE NO ACTION,
  CONSTRAINT `fk_trabajo_tipoDuracion1` FOREIGN KEY (`tipoDuracion_idtipoDuracion`) REFERENCES `tipoduracion` (`idtipoDuracion`) ON DELETE NO ACTION ON UPDATE NO ACTION
) ENGINE=InnoDB DEFAULT CHARSET=utf8;
/*!40101 SET character_set_client = @saved_cs_client */;

--
-- Dumping data for table `trabajo`
--

LOCK TABLES `trabajo` WRITE;
/*!40000 ALTER TABLE `trabajo` DISABLE KEYS */;
INSERT INTO `trabajo` VALUES (0,'arreglo bao','2017-11-06','2017-11-07',0,2,NULL,1,0,0,0,1,1),(1,'Arreglo cuerito canilla','2017-11-06','2017-11-07',0,2,NULL,2,0,0,0,1,1),(2,'Arreglo Bao','2017-11-06','2017-11-07',0,2,NULL,5,0,0,0,1,1);
/*!40000 ALTER TABLE `trabajo` ENABLE KEYS */;
UNLOCK TABLES;

--
-- Table structure for table `trabajoxmaterial`
--

DROP TABLE IF EXISTS `trabajoxmaterial`;
/*!40101 SET @saved_cs_client     = @@character_set_client */;
/*!40101 SET character_set_client = utf8 */;
CREATE TABLE `trabajoxmaterial` (
  `Trabajo_idTrabajo` int(11) NOT NULL,
  `Cantidad` int(11) DEFAULT NULL,
  `material_idmaterial` int(11) NOT NULL,
  PRIMARY KEY (`Trabajo_idTrabajo`),
  KEY `fk_Trabajo_has_material_Trabajo1_idx` (`Trabajo_idTrabajo`),
  KEY `fk_trabajoXmaterial_material1_idx` (`material_idmaterial`),
  CONSTRAINT `fk_Trabajo_has_material_Trabajo1` FOREIGN KEY (`Trabajo_idTrabajo`) REFERENCES `trabajo` (`idTrabajo`) ON DELETE NO ACTION ON UPDATE NO ACTION,
  CONSTRAINT `fk_trabajoXmaterial_material1` FOREIGN KEY (`material_idmaterial`) REFERENCES `material` (`idmaterial`) ON DELETE NO ACTION ON UPDATE NO ACTION
) ENGINE=InnoDB DEFAULT CHARSET=utf8;
/*!40101 SET character_set_client = @saved_cs_client */;

--
-- Dumping data for table `trabajoxmaterial`
--

LOCK TABLES `trabajoxmaterial` WRITE;
/*!40000 ALTER TABLE `trabajoxmaterial` DISABLE KEYS */;
/*!40000 ALTER TABLE `trabajoxmaterial` ENABLE KEYS */;
UNLOCK TABLES;

--
-- Table structure for table `unidad`
--

DROP TABLE IF EXISTS `unidad`;
/*!40101 SET @saved_cs_client     = @@character_set_client */;
/*!40101 SET character_set_client = utf8 */;
CREATE TABLE `unidad` (
  `idUnidad` int(11) NOT NULL,
  `block` varchar(2) DEFAULT NULL,
  `torre` int(11) DEFAULT NULL,
  `puerta` int(11) DEFAULT NULL,
  `habitaciones` int(11) DEFAULT NULL,
  `nombre` varchar(45) DEFAULT NULL,
  `apellido` varchar(45) DEFAULT NULL,
  `telefono` int(11) DEFAULT NULL,
  `mail` varchar(45) DEFAULT NULL,
  `propietarioInquilino` tinyint(1) DEFAULT NULL,
  `fechaIngreso` date DEFAULT NULL,
  `activo` tinyint(1) DEFAULT NULL,
  `esEdificio` tinyint(1) DEFAULT NULL,
  PRIMARY KEY (`idUnidad`)
) ENGINE=InnoDB DEFAULT CHARSET=utf8;
/*!40101 SET character_set_client = @saved_cs_client */;

--
-- Dumping data for table `unidad`
--

LOCK TABLES `unidad` WRITE;
/*!40000 ALTER TABLE `unidad` DISABLE KEYS */;
INSERT INTO `unidad` VALUES (1,'A',1,101,5,'Jorge','Martinez',25995553,'Jorge@Martinez.com',0,'2017-09-26',1,0),(2,'A',1,102,3,'Jorge','Ramos',25319801,'Jorge@Ramos.com',1,'2017-09-26',1,0),(3,'A',1,201,2,'Pablo','Lubo',25035214,'Pablo@Lubo.com',1,'2017-09-26',1,0),(4,'A',1,202,3,'Elena','Barroso',25982925,'Elena@Barroso.com',0,'2017-09-26',1,0),(5,'A',1,301,2,'Diego','Bermudez',25930566,'Diego@Bermudez.com',0,'2017-09-26',1,0),(6,'A',1,302,3,'Elena','Atencio',25454564,'Elena@Atencio.com',0,'2017-09-26',1,0),(7,'A',1,401,2,'Sara','Sandoval',25258460,'Sara@Sandoval.com',1,'2017-09-26',1,0),(8,'A',1,402,3,'Sergio','Mendez',25417274,'Sergio@Mendez.com',1,'2017-09-26',1,0),(9,'A',1,501,2,'Mara','Perez',25247031,'Mara@Perez.com',0,'2017-09-26',1,0),(10,'A',1,502,3,'Eva','Garcia',25988860,'Eva@Garcia.com',0,'2017-09-26',1,0),(11,'A',1,601,2,'Marta','Bermudez',25760910,'Marta@Bermudez.com',1,'2017-09-26',1,0),(12,'A',1,602,3,'Eva','Sandoval',25290642,'Eva@Sandoval.com',1,'2017-09-26',1,0),(13,'A',1,701,2,'Alejandro','Pieiro',25923639,'Alejandro@Pieiro.com',0,'2017-09-26',1,0),(14,'A',1,702,3,'Jos','Morales',25116823,'Jos@Morales.com',0,'2017-09-26',1,0),(15,'A',1,801,2,'Jorge','Atencio',25851571,'Jorge@Atencio.com',0,'2017-09-26',1,0),(16,'A',1,802,3,'Raquel','Cruz',25289773,'Raquel@Cruz.com',1,'2017-09-26',1,0),(17,'A',1,901,2,'Sergio','Pieiro',25910638,'Sergio@Pieiro.com',1,'2017-09-26',1,0),(18,'A',1,902,3,'Paula','Avila',25836867,'Paula@Avila.com',1,'2017-09-26',1,0),(19,'A',1,1001,2,'Mara','Sandoval',25180325,'Mara@Sandoval.com',1,'2017-09-26',1,0),(20,'A',1,1002,3,'Jorge','Avila',25609426,'Jorge@Avila.com',1,'2017-09-26',1,0),(21,'A',1,1101,2,'Sergio','Rivera',25251989,'Sergio@Rivera.com',1,'2017-09-26',1,0),(22,'A',1,1102,3,'Paula','Barroso',25676209,'Paula@Barroso.com',1,'2017-09-26',1,0),(23,'A',1,1201,2,'Paula','Atencio',25827445,'Paula@Atencio.com',1,'2017-09-26',1,0),(24,'A',1,1202,3,'Javier','Atencio',25325084,'Javier@Atencio.com',1,'2017-09-26',1,0),(25,'A',1,1301,2,'Daniel','Bermudez',25281442,'Daniel@Bermudez.com',0,'2017-09-26',1,0),(26,'A',1,1302,3,'Pablo','Rivera',25839074,'Pablo@Rivera.com',0,'2017-09-26',1,0),(27,'A',2,103,2,'Jorge','Rivera',25231490,'Jorge@Rivera.com',0,'2017-09-26',1,0),(28,'A',2,104,3,'Jorge','Lubo',25289817,'Jorge@Lubo.com',0,'2017-09-26',1,0),(29,'A',2,203,2,'Paula','Garcia',25492817,'Paula@Garcia.com',0,'2017-09-26',1,0),(30,'A',2,204,3,'Alejandro','Bravo',25828537,'Alejandro@Bravo.com',0,'2017-09-26',1,0),(31,'A',2,303,2,'Daniel','Avila',25518188,'Daniel@Avila.com',0,'2017-09-26',1,0),(32,'A',2,304,3,'Javier','Martinez',25060327,'Javier@Martinez.com',1,'2017-09-26',1,0),(33,'A',2,403,2,'Sara','Lopez',25650698,'Sara@Lopez.com',0,'2017-09-26',1,0),(34,'A',2,404,3,'Jos','Lubo',25875949,'Jos@Lubo.com',0,'2017-09-26',1,0),(35,'A',2,503,2,'Mara','Pieiro',25028155,'Mara@Pieiro.com',1,'2017-09-26',1,0),(36,'A',2,504,3,'Sergio','Pieiro',25151479,'Sergio@Pieiro.com',1,'2017-09-26',1,0),(37,'A',2,603,2,'Jorge','Morillo',25947588,'Jorge@Morillo.com',0,'2017-09-26',1,0),(38,'A',2,604,3,'Luca','Pieiro',25247718,'Luca@Pieiro.com',0,'2017-09-26',1,0),(39,'A',2,703,2,'Sara','Martinez',25043083,'Sara@Martinez.com',0,'2017-09-26',1,0),(40,'A',2,704,3,'Sara','Lopez',25894572,'Sara@Lopez.com',1,'2017-09-26',1,0),(41,'A',2,803,2,'Elena','Bravo',25731965,'Elena@Bravo.com',0,'2017-09-26',1,0),(42,'A',2,804,3,'Raquel','Morillo',25786548,'Raquel@Morillo.com',0,'2017-09-26',1,0),(43,'A',2,903,2,'Sergio','Martinez',25601459,'Sergio@Martinez.com',0,'2017-09-26',1,0),(44,'A',2,904,3,'Silvia','Garcia',25973910,'Silvia@Garcia.com',0,'2017-09-26',1,0),(45,'A',2,1003,2,'Pablo','Barroso',25075910,'Pablo@Barroso.com',0,'2017-09-26',1,0),(46,'A',2,1004,3,'Raquel','Barroso',25721054,'Raquel@Barroso.com',1,'2017-09-26',1,0),(47,'A',2,1103,2,'Eva','Pieiro',25956016,'Eva@Pieiro.com',0,'2017-09-26',1,0),(48,'A',2,1104,3,'Laura','Bravo',25574107,'Laura@Bravo.com',1,'2017-09-26',1,0),(49,'A',2,1203,2,'Jorge','Morales',25613617,'Jorge@Morales.com',0,'2017-09-26',1,0),(50,'A',2,1204,3,'Diego','Rodriguez',25369269,'Diego@Rodriguez.com',0,'2017-09-26',1,0),(51,'A',2,1303,2,'Raquel','Lopez',25797854,'Raquel@Lopez.com',0,'2017-09-26',1,0),(52,'A',2,1304,3,'Elena','Avila',25995692,'Elena@Avila.com',0,'2017-09-26',1,0),(53,'A',3,101,2,'Eva','Lubo',25664954,'Eva@Lubo.com',1,'2017-09-26',1,0),(54,'A',3,102,3,'Daniel','Pieiro',25828008,'Daniel@Pieiro.com',1,'2017-09-26',1,0),(55,'A',3,201,2,'Javier','Barroso',25337962,'Javier@Barroso.com',0,'2017-09-26',1,0),(56,'A',3,202,3,'Daniel','Rivera',25254625,'Daniel@Rivera.com',0,'2017-09-26',1,0),(57,'A',3,301,2,'Luca','Lopez',25625441,'Luca@Lopez.com',0,'2017-09-26',1,0),(58,'A',3,302,3,'Sara','Bravo',25130202,'Sara@Bravo.com',0,'2017-09-26',1,0),(59,'A',3,401,2,'Laura','Bravo',25458839,'Laura@Bravo.com',0,'2017-09-26',1,0),(60,'A',3,402,3,'Laura','Morillo',25547729,'Laura@Morillo.com',1,'2017-09-26',1,0),(61,'A',3,501,2,'Raquel','Lopez',25264576,'Raquel@Lopez.com',0,'2017-09-26',1,0),(62,'A',3,502,3,'Javier','Pieiro',25490795,'Javier@Pieiro.com',0,'2017-09-26',1,0),(63,'A',3,601,2,'Javier','Pieiro',25194461,'Javier@Pieiro.com',0,'2017-09-26',1,0),(64,'A',3,602,3,'Pablo','Atencio',25867135,'Pablo@Atencio.com',1,'2017-09-26',1,0),(65,'A',3,701,2,'David','Lopez',25813112,'David@Lopez.com',1,'2017-09-26',1,0),(66,'A',3,702,3,'Sergio','Ramos',25583549,'Sergio@Ramos.com',1,'2017-09-26',1,0),(67,'A',3,801,2,'Daniel','Perez',25356276,'Daniel@Perez.com',1,'2017-09-26',1,0),(68,'A',3,802,3,'Pablo','Lopez',25667678,'Pablo@Lopez.com',0,'2017-09-26',1,0),(69,'A',3,901,2,'Laura','Morales',25421415,'Laura@Morales.com',0,'2017-09-26',1,0),(70,'A',3,902,3,'Silvia','Morillo',25098550,'Silvia@Morillo.com',0,'2017-09-26',1,0),(71,'A',3,1001,2,'Laura','Bermudez',25198140,'Laura@Bermudez.com',0,'2017-09-26',1,0),(72,'A',3,1002,3,'Raquel','Avila',25983602,'Raquel@Avila.com',1,'2017-09-26',1,0),(73,'A',3,1101,2,'Eva','Morillo',25747462,'Eva@Morillo.com',0,'2017-09-26',1,0),(74,'A',3,1102,3,'Elena','Atencio',25160725,'Elena@Atencio.com',0,'2017-09-26',1,0),(75,'A',3,1201,2,'Luca','Lubo',25408803,'Luca@Lubo.com',1,'2017-09-26',1,0),(76,'A',3,1202,3,'Jorge','Perez',25670680,'Jorge@Perez.com',0,'2017-09-26',1,0),(77,'A',3,1301,2,'Daniel','Garcia',25026286,'Daniel@Garcia.com',0,'2017-09-26',1,0),(78,'A',3,1302,3,'Paula','Lubo',25629355,'Paula@Lubo.com',1,'2017-09-26',1,0),(79,'A',4,101,2,'Mara','Mendez',25974123,'Mara@Mendez.com',0,'2017-09-26',1,0),(80,'A',4,102,3,'Javier','Rodriguez',25991417,'Javier@Rodriguez.com',0,'2017-09-26',1,0),(81,'A',4,201,2,'Jos','Rivera',25489605,'Jos@Rivera.com',1,'2017-09-26',1,0),(82,'A',4,202,3,'Javier','Bermudez',25263075,'Javier@Bermudez.com',0,'2017-09-26',1,0),(83,'A',4,301,2,'Eva','Mendez',25208625,'Eva@Mendez.com',0,'2017-09-26',1,0),(84,'A',4,302,3,'Silvia','Morillo',25425660,'Silvia@Morillo.com',0,'2017-09-26',1,0),(85,'A',4,401,2,'Pablo','Bravo',25942629,'Pablo@Bravo.com',1,'2017-09-26',1,0),(86,'A',4,402,3,'Raquel','Pieiro',25066492,'Raquel@Pieiro.com',0,'2017-09-26',1,0),(87,'A',4,501,2,'Luca','Rodriguez',25971847,'Luca@Rodriguez.com',0,'2017-09-26',1,0),(88,'A',4,502,3,'Sergio','Atencio',25510653,'Sergio@Atencio.com',0,'2017-09-26',1,0),(89,'A',4,601,2,'Alejandro','Lubo',25011134,'Alejandro@Lubo.com',0,'2017-09-26',1,0),(90,'A',4,602,3,'Jos','Martinez',25560142,'Jos@Martinez.com',0,'2017-09-26',1,0),(91,'A',4,701,2,'Eva','Cruz',25998910,'Eva@Cruz.com',0,'2017-09-26',1,0),(92,'A',4,702,3,'Daniel','Mendez',25108564,'Daniel@Mendez.com',0,'2017-09-26',1,0),(93,'A',4,801,2,'Mara','Rodriguez',25418484,'Mara@Rodriguez.com',1,'2017-09-26',1,0),(94,'A',4,802,3,'Raquel','Rivera',25576714,'Raquel@Rivera.com',0,'2017-09-26',1,0),(95,'A',4,901,2,'Silvia','Mendez',25110557,'Silvia@Mendez.com',1,'2017-09-26',1,0),(96,'A',4,902,3,'Raquel','Lubo',25428724,'Raquel@Lubo.com',0,'2017-09-26',1,0),(97,'A',4,1001,2,'Silvia','Cruz',25857808,'Silvia@Cruz.com',0,'2017-09-26',1,0),(98,'A',4,1002,3,'Diego','Bermudez',25429813,'Diego@Bermudez.com',0,'2017-09-26',1,0),(99,'A',4,1101,2,'Daniel','Cruz',25883082,'Daniel@Cruz.com',1,'2017-09-26',1,0),(100,'A',4,1102,3,'Daniel','Lubo',25275180,'Daniel@Lubo.com',0,'2017-09-26',1,0),(101,'A',4,1201,2,'Eva','Lubo',25643932,'Eva@Lubo.com',1,'2017-09-26',1,0),(102,'A',4,1202,3,'Mara','Cruz',25963275,'Mara@Cruz.com',1,'2017-09-26',1,0),(103,'A',4,1301,2,'Mara','Atencio',25378635,'Mara@Atencio.com',1,'2017-09-26',1,0),(104,'A',4,1302,3,'Laura','Mendez',25829849,'Laura@Mendez.com',1,'2017-09-26',1,0),(105,'A',5,103,2,'Eva','Atencio',25071980,'Eva@Atencio.com',0,'2017-09-26',1,0),(106,'A',5,104,3,'Silvia','Cruz',25457026,'Silvia@Cruz.com',1,'2017-09-26',1,0),(107,'A',5,203,2,'Javier','Perez',25673770,'Javier@Perez.com',0,'2017-09-26',1,0),(108,'A',5,204,3,'Sara','Lisboa',25379513,'Sara@Lisboa.com',0,'2017-09-26',1,0),(109,'A',5,303,2,'Elena','Rodriguez',25977346,'Elena@Rodriguez.com',0,'2017-09-26',1,0),(110,'A',5,304,3,'Paula','Bravo',25975433,'Paula@Bravo.com',0,'2017-09-26',1,0),(111,'A',5,403,2,'Silvia','Garcia',25571228,'Silvia@Garcia.com',1,'2017-09-26',1,0),(112,'A',5,404,3,'Javier','Lubo',25292006,'Javier@Lubo.com',0,'2017-09-26',1,0),(113,'A',5,503,2,'Eva','Morales',25797111,'Eva@Morales.com',0,'2017-09-26',1,0),(114,'A',5,504,3,'Jorge','Morales',25783110,'Jorge@Morales.com',0,'2017-09-26',1,0),(115,'A',5,603,2,'Raquel','Ramos',25334621,'Raquel@Ramos.com',0,'2017-09-26',1,0),(116,'A',5,604,3,'Mara','Avila',25089253,'Mara@Avila.com',0,'2017-09-26',1,0),(117,'A',5,703,2,'Alejandro','Avila',25083470,'Alejandro@Avila.com',0,'2017-09-26',1,0),(118,'A',5,704,3,'Marta','Pieiro',25901339,'Marta@Pieiro.com',0,'2017-09-26',1,0),(119,'A',5,803,2,'Raquel','Barroso',25794685,'Raquel@Barroso.com',0,'2017-09-26',1,0),(120,'A',5,804,3,'Mara','Garcia',25811493,'Mara@Garcia.com',1,'2017-09-26',1,0),(121,'A',5,903,2,'Diego','Lopez',25716574,'Diego@Lopez.com',0,'2017-09-26',1,0),(122,'A',5,904,3,'Sergio','Ramos',25228727,'Sergio@Ramos.com',0,'2017-09-26',1,0),(123,'A',5,1003,2,'Jos','Garcia',25659694,'Jos@Garcia.com',1,'2017-09-26',1,0),(124,'A',5,1004,3,'Marta','Atencio',25371793,'Marta@Atencio.com',1,'2017-09-26',1,0),(125,'A',5,1103,2,'Marta','Rodriguez',25649426,'Marta@Rodriguez.com',1,'2017-09-26',1,0),(126,'A',5,1104,3,'Javier','Martinez',25790281,'Javier@Martinez.com',1,'2017-09-26',1,0),(127,'A',5,1203,2,'Diego','Avila',25436288,'Diego@Avila.com',1,'2017-09-26',1,0),(128,'A',5,1204,3,'Eva','Bermudez',25591958,'Eva@Bermudez.com',1,'2017-09-26',1,0),(129,'A',5,1303,2,'Paula','Pieiro',25244729,'Paula@Pieiro.com',0,'2017-09-26',1,0),(130,'A',5,1304,3,'Jorge','Morales',25496799,'Jorge@Morales.com',0,'2017-09-26',1,0),(131,'A',6,101,2,'Marta','Morales',25560237,'Marta@Morales.com',1,'2017-09-26',1,0),(132,'A',6,102,3,'Daniel','Sandoval',25379244,'Daniel@Sandoval.com',1,'2017-09-26',1,0),(133,'A',6,201,2,'Luca','Ramos',25811634,'Luca@Ramos.com',0,'2017-09-26',1,0),(134,'A',6,202,3,'Raquel','Garcia',25163651,'Raquel@Garcia.com',0,'2017-09-26',1,0),(135,'A',6,301,2,'Sara','Perez',25620992,'Sara@Perez.com',1,'2017-09-26',1,0),(136,'A',6,302,3,'Mara','Perez',25502894,'Mara@Perez.com',0,'2017-09-26',1,0),(137,'A',6,401,2,'David','Garcia',25078186,'David@Garcia.com',1,'2017-09-26',1,0),(138,'A',6,402,3,'Carlos','Mendez',25724666,'Carlos@Mendez.com',1,'2017-09-26',1,0),(139,'A',6,501,2,'Diego','Perez',25186909,'Diego@Perez.com',1,'2017-09-26',1,0),(140,'A',6,502,3,'Daniel','Pieiro',25343325,'Daniel@Pieiro.com',0,'2017-09-26',1,0),(141,'A',6,601,2,'Pablo','Martinez',25354176,'Pablo@Martinez.com',1,'2017-09-26',1,0),(142,'A',6,602,3,'Elena','Morillo',25412743,'Elena@Morillo.com',0,'2017-09-26',1,0),(143,'A',6,701,2,'Raquel','Morillo',25816126,'Raquel@Morillo.com',0,'2017-09-26',1,0),(144,'A',6,702,3,'Alejandro','Perez',25696033,'Alejandro@Perez.com',1,'2017-09-26',1,0),(145,'A',6,801,2,'Sergio','Perez',25213087,'Sergio@Perez.com',0,'2017-09-26',1,0),(146,'A',6,802,3,'Sergio','Garcia',25391935,'Sergio@Garcia.com',0,'2017-09-26',1,0),(147,'A',6,901,2,'Jorge','Avila',25392918,'Jorge@Avila.com',1,'2017-09-26',1,0),(148,'A',6,902,3,'Jorge','Lopez',25380664,'Jorge@Lopez.com',0,'2017-09-26',1,0),(149,'A',6,1001,2,'Alejandro','Ramos',25150237,'Alejandro@Ramos.com',0,'2017-09-26',1,0),(150,'A',6,1002,3,'Elena','Barroso',25935690,'Elena@Barroso.com',1,'2017-09-26',1,0),(151,'A',6,1101,2,'Sara','Rivera',25875750,'Sara@Rivera.com',0,'2017-09-26',1,0),(152,'A',6,1102,3,'Eva','Barroso',25716361,'Eva@Barroso.com',0,'2017-09-26',1,0),(153,'A',6,1201,2,'Eva','Atencio',25585230,'Eva@Atencio.com',0,'2017-09-26',1,0),(154,'A',6,1202,3,'Marta','Bermudez',25126801,'Marta@Bermudez.com',1,'2017-09-26',1,0),(155,'A',6,1301,2,'Sergio','Cruz',25242181,'Sergio@Cruz.com',0,'2017-09-26',1,0),(156,'A',6,1302,3,'Daniel','Barroso',25119799,'Daniel@Barroso.com',1,'2017-09-26',1,0),(157,'B',1,103,2,'Marta','Bermudez',25224341,'Marta@Bermudez.com',0,'2017-09-26',1,0),(158,'B',1,104,3,'Javier','Barroso',25836240,'Javier@Barroso.com',0,'2017-09-26',1,0),(159,'B',1,203,2,'Eva','Mendez',25603834,'Eva@Mendez.com',1,'2017-09-26',1,0),(160,'B',1,204,3,'Paula','Morillo',25976319,'Paula@Morillo.com',1,'2017-09-26',1,0),(161,'B',1,303,2,'Silvia','Rivera',25216493,'Silvia@Rivera.com',0,'2017-09-26',1,0),(162,'B',1,304,3,'Paula','Rivera',25975037,'Paula@Rivera.com',1,'2017-09-26',1,0),(163,'B',1,403,2,'Raquel','Atencio',25666837,'Raquel@Atencio.com',0,'2017-09-26',1,0),(164,'B',1,404,3,'David','Lubo',25423163,'David@Lubo.com',1,'2017-09-26',1,0),(165,'B',1,503,2,'Diego','Atencio',25030183,'Diego@Atencio.com',0,'2017-09-26',1,0),(166,'B',1,504,3,'Javier','Pieiro',25592354,'Javier@Pieiro.com',0,'2017-09-26',1,0),(167,'B',1,603,2,'Laura','Barroso',25846943,'Laura@Barroso.com',1,'2017-09-26',1,0),(168,'B',1,604,3,'David','Lubo',25607254,'David@Lubo.com',0,'2017-09-26',1,0),(169,'B',1,703,2,'Laura','Pieiro',25137655,'Laura@Pieiro.com',1,'2017-09-26',1,0),(170,'B',1,704,3,'Jos','Lubo',25278053,'Jos@Lubo.com',0,'2017-09-26',1,0),(171,'B',1,803,2,'Mara','Martinez',25644416,'Mara@Martinez.com',0,'2017-09-26',1,0),(172,'B',1,804,3,'Diego','Barroso',25088865,'Diego@Barroso.com',1,'2017-09-26',1,0),(173,'B',1,903,2,'Sara','Cruz',25912159,'Sara@Cruz.com',1,'2017-09-26',1,0),(174,'B',1,904,3,'Diego','Mendez',25661627,'Diego@Mendez.com',0,'2017-09-26',1,0),(175,'B',1,1003,2,'Sara','Barroso',25750507,'Sara@Barroso.com',0,'2017-09-26',1,0),(176,'B',1,1004,3,'Alejandro','Rodriguez',25318708,'Alejandro@Rodriguez.com',0,'2017-09-26',1,0),(177,'B',1,1103,2,'Silvia','Bravo',25972621,'Silvia@Bravo.com',0,'2017-09-26',1,0),(178,'B',1,1104,3,'Marta','Ramos',25093502,'Marta@Ramos.com',0,'2017-09-26',1,0),(179,'B',1,1203,2,'Sara','Sandoval',25835307,'Sara@Sandoval.com',0,'2017-09-26',1,0),(180,'B',1,1204,3,'Elena','Atencio',25168858,'Elena@Atencio.com',0,'2017-09-26',1,0),(181,'B',1,1303,2,'Daniel','Cruz',25542004,'Daniel@Cruz.com',0,'2017-09-26',1,0),(182,'B',1,1304,3,'Silvia','Pieiro',25895853,'Silvia@Pieiro.com',0,'2017-09-26',1,0),(183,'B',2,101,2,'Paula','Cruz',25424134,'Paula@Cruz.com',1,'2017-09-26',1,0),(184,'B',2,102,3,'Javier','Bravo',25883924,'Javier@Bravo.com',0,'2017-09-26',1,0),(185,'B',2,201,2,'Pablo','Lopez',25146926,'Pablo@Lopez.com',0,'2017-09-26',1,0),(186,'B',2,202,3,'Jorge','Morillo',25543707,'Jorge@Morillo.com',1,'2017-09-26',1,0),(187,'B',2,301,2,'Daniel','Martinez',25701911,'Daniel@Martinez.com',1,'2017-09-26',1,0),(188,'B',2,302,3,'Jorge','Lubo',25496322,'Jorge@Lubo.com',0,'2017-09-26',1,0),(189,'B',2,401,2,'Eva','Mendez',25616491,'Eva@Mendez.com',0,'2017-09-26',1,0),(190,'B',2,402,3,'Elena','Rivera',25040225,'Elena@Rivera.com',0,'2017-09-26',1,0),(191,'B',2,501,2,'Raquel','Morillo',25163027,'Raquel@Morillo.com',1,'2017-09-26',1,0),(192,'B',2,502,3,'Eva','Sandoval',25944177,'Eva@Sandoval.com',0,'2017-09-26',1,0),(193,'B',2,601,2,'Laura','Ramos',25124393,'Laura@Ramos.com',0,'2017-09-26',1,0),(194,'B',2,602,3,'Mara','Mendez',25665724,'Mara@Mendez.com',0,'2017-09-26',1,0),(195,'B',2,701,2,'Carlos','Garcia',25280541,'Carlos@Garcia.com',1,'2017-09-26',1,0),(196,'B',2,702,3,'Diego','Pieiro',25060402,'Diego@Pieiro.com',0,'2017-09-26',1,0),(197,'B',2,801,2,'David','Pieiro',25234481,'David@Pieiro.com',0,'2017-09-26',1,0),(198,'B',2,802,3,'Laura','Mendez',25042125,'Laura@Mendez.com',0,'2017-09-26',1,0),(199,'B',2,901,2,'Eva','Morales',25609467,'Eva@Morales.com',0,'2017-09-26',1,0),(200,'B',2,902,3,'Jos','Morillo',25429426,'Jos@Morillo.com',1,'2017-09-26',1,0),(201,'B',2,1001,2,'Elena','Lisboa',25484844,'Elena@Lisboa.com',0,'2017-09-26',1,0),(202,'B',2,1002,3,'Silvia','Ramos',25538124,'Silvia@Ramos.com',0,'2017-09-26',1,0),(203,'B',2,1101,2,'Paula','Bermudez',25545720,'Paula@Bermudez.com',1,'2017-09-26',1,0),(204,'B',2,1102,3,'Mara','Avila',25265061,'Mara@Avila.com',1,'2017-09-26',1,0),(205,'B',2,1201,2,'Sergio','Ramos',25024173,'Sergio@Ramos.com',0,'2017-09-26',1,0),(206,'B',2,1202,3,'Jos','Barroso',25875523,'Jos@Barroso.com',1,'2017-09-26',1,0),(207,'B',2,1301,2,'Diego','Cruz',25092887,'Diego@Cruz.com',0,'2017-09-26',1,0),(208,'B',2,1302,3,'Javier','Barroso',25218451,'Javier@Barroso.com',1,'2017-09-26',1,0),(209,'B',3,103,2,'Daniel','Morillo',25069663,'Daniel@Morillo.com',0,'2017-09-26',1,0),(210,'B',3,104,3,'Javier','Pieiro',25758728,'Javier@Pieiro.com',1,'2017-09-26',1,0),(211,'B',3,203,2,'Luca','Bermudez',25585775,'Luca@Bermudez.com',0,'2017-09-26',1,0),(212,'B',3,204,3,'Raquel','Sandoval',25411803,'Raquel@Sandoval.com',0,'2017-09-26',1,0),(213,'B',3,303,2,'Silvia','Barroso',25815506,'Silvia@Barroso.com',0,'2017-09-26',1,0),(214,'B',3,304,3,'Raquel','Lopez',25385772,'Raquel@Lopez.com',1,'2017-09-26',1,0),(215,'B',3,403,2,'Javier','Perez',25705753,'Javier@Perez.com',0,'2017-09-26',1,0),(216,'B',3,404,3,'David','Morales',25382195,'David@Morales.com',0,'2017-09-26',1,0),(217,'B',3,503,2,'Mara','Mendez',25343926,'Mara@Mendez.com',0,'2017-09-26',1,0),(218,'B',3,504,3,'Luca','Martinez',25141175,'Luca@Martinez.com',0,'2017-09-26',1,0),(219,'B',3,603,2,'David','Ramos',25208144,'David@Ramos.com',0,'2017-09-26',1,0),(220,'B',3,604,3,'Elena','Atencio',25640452,'Elena@Atencio.com',1,'2017-09-26',1,0),(221,'B',3,703,2,'Paula','Avila',25899675,'Paula@Avila.com',0,'2017-09-26',1,0),(222,'B',3,704,3,'Diego','Morales',25174394,'Diego@Morales.com',1,'2017-09-26',1,0),(223,'B',3,803,2,'Javier','Rodriguez',25816198,'Javier@Rodriguez.com',0,'2017-09-26',1,0),(224,'B',3,804,3,'Pablo','Morales',25174122,'Pablo@Morales.com',0,'2017-09-26',1,0),(225,'B',3,903,2,'Marta','Perez',25023929,'Marta@Perez.com',0,'2017-09-26',1,0),(226,'B',3,904,3,'Sergio','Pieiro',25693314,'Sergio@Pieiro.com',0,'2017-09-26',1,0),(227,'B',3,1003,2,'Silvia','Garcia',25854192,'Silvia@Garcia.com',1,'2017-09-26',1,0),(228,'B',3,1004,3,'Marta','Atencio',25821949,'Marta@Atencio.com',0,'2017-09-26',1,0),(229,'B',3,1103,2,'Diego','Rivera',25644267,'Diego@Rivera.com',0,'2017-09-26',1,0),(230,'B',3,1104,3,'Silvia','Bermudez',25402382,'Silvia@Bermudez.com',1,'2017-09-26',1,0),(231,'B',3,1203,2,'Elena','Perez',25501993,'Elena@Perez.com',0,'2017-09-26',1,0),(232,'B',3,1204,3,'Paula','Lubo',25041607,'Paula@Lubo.com',0,'2017-09-26',1,0),(233,'B',3,1303,2,'Eva','Martinez',25943706,'Eva@Martinez.com',0,'2017-09-26',1,0),(234,'B',3,1304,3,'Marta','Mendez',25679476,'Marta@Mendez.com',1,'2017-09-26',1,0),(235,'B',4,101,2,'Luca','Morales',25193896,'Luca@Morales.com',0,'2017-09-26',1,0),(236,'B',4,102,3,'Jos','Atencio',25532719,'Jos@Atencio.com',0,'2017-09-26',1,0),(237,'B',4,201,2,'Diego','Martinez',25280937,'Diego@Martinez.com',1,'2017-09-26',1,0),(238,'B',4,202,3,'Daniel','Martinez',25616913,'Daniel@Martinez.com',0,'2017-09-26',1,0),(239,'B',4,301,2,'Javier','Martinez',25101151,'Javier@Martinez.com',1,'2017-09-26',1,0),(240,'B',4,302,3,'Paula','Avila',25445457,'Paula@Avila.com',1,'2017-09-26',1,0),(241,'B',4,401,2,'Eva','Martinez',25512324,'Eva@Martinez.com',1,'2017-09-26',1,0),(242,'B',4,402,3,'Mara','Morillo',25081271,'Mara@Morillo.com',0,'2017-09-26',1,0),(243,'B',4,501,2,'Laura','Perez',25965952,'Laura@Perez.com',0,'2017-09-26',1,0),(244,'B',4,502,3,'Mara','Lisboa',25898067,'Mara@Lisboa.com',0,'2017-09-26',1,0),(245,'B',4,601,2,'Daniel','Ramos',25526814,'Daniel@Ramos.com',1,'2017-09-26',1,0),(246,'B',4,602,3,'Elena','Rodriguez',25771279,'Elena@Rodriguez.com',0,'2017-09-26',1,0),(247,'B',4,701,2,'Jos','Garcia',25766155,'Jos@Garcia.com',1,'2017-09-26',1,0),(248,'B',4,702,3,'Paula','Lopez',25511583,'Paula@Lopez.com',0,'2017-09-26',1,0),(249,'B',4,801,2,'Jorge','Rivera',25170812,'Jorge@Rivera.com',0,'2017-09-26',1,0),(250,'B',4,802,3,'Paula','Rodriguez',25029854,'Paula@Rodriguez.com',0,'2017-09-26',1,0),(251,'B',4,901,2,'Sara','Lisboa',25760301,'Sara@Lisboa.com',0,'2017-09-26',1,0),(252,'B',4,902,3,'Elena','Lubo',25034414,'Elena@Lubo.com',1,'2017-09-26',1,0),(253,'B',4,1001,2,'Sergio','Lisboa',25453625,'Sergio@Lisboa.com',0,'2017-09-26',1,0),(254,'B',4,1002,3,'Eva','Bermudez',25484507,'Eva@Bermudez.com',0,'2017-09-26',1,0),(255,'B',4,1101,2,'Sara','Atencio',25861717,'Sara@Atencio.com',0,'2017-09-26',1,0),(256,'B',4,1102,3,'Alejandro','Ramos',25457624,'Alejandro@Ramos.com',0,'2017-09-26',1,0),(257,'B',4,1201,2,'Jorge','Lopez',25962273,'Jorge@Lopez.com',0,'2017-09-26',1,0),(258,'B',4,1202,3,'Javier','Atencio',25684488,'Javier@Atencio.com',0,'2017-09-26',1,0),(259,'B',4,1301,2,'David','Morales',25807606,'David@Morales.com',0,'2017-09-26',1,0),(260,'B',4,1302,3,'Pablo','Perez',25802492,'Pablo@Perez.com',0,'2017-09-26',1,0),(261,'B',5,103,2,'Carlos','Ramos',25623302,'Carlos@Ramos.com',0,'2017-09-26',1,0),(262,'B',5,104,3,'Jorge','Bermudez',25508285,'Jorge@Bermudez.com',0,'2017-09-26',1,0),(263,'B',5,203,2,'Paula','Rodriguez',25611598,'Paula@Rodriguez.com',1,'2017-09-26',1,0),(264,'B',5,204,3,'Elena','Bravo',25298302,'Elena@Bravo.com',1,'2017-09-26',1,0),(265,'B',5,303,2,'Sergio','Morales',25956708,'Sergio@Morales.com',0,'2017-09-26',1,0),(266,'B',5,304,3,'Laura','Lisboa',25702844,'Laura@Lisboa.com',0,'2017-09-26',1,0),(267,'B',5,403,2,'Sergio','Barroso',25327395,'Sergio@Barroso.com',0,'2017-09-26',1,0),(268,'B',5,404,3,'Raquel','Barroso',25195375,'Raquel@Barroso.com',0,'2017-09-26',1,0),(269,'B',5,503,2,'Luca','Pieiro',25749335,'Luca@Pieiro.com',0,'2017-09-26',1,0),(270,'B',5,504,3,'Mara','Martinez',25161941,'Mara@Martinez.com',0,'2017-09-26',1,0),(271,'B',5,603,2,'Marta','Perez',25649331,'Marta@Perez.com',0,'2017-09-26',1,0),(272,'B',5,604,3,'Jorge','Rodriguez',25628528,'Jorge@Rodriguez.com',0,'2017-09-26',1,0),(273,'B',5,703,2,'Javier','Perez',25378730,'Javier@Perez.com',0,'2017-09-26',1,0),(274,'B',5,704,3,'Alejandro','Atencio',25365186,'Alejandro@Atencio.com',1,'2017-09-26',1,0),(275,'B',5,803,2,'David','Morillo',25229251,'David@Morillo.com',1,'2017-09-26',1,0),(276,'B',5,804,3,'Laura','Martinez',25251695,'Laura@Martinez.com',0,'2017-09-26',1,0),(277,'B',5,903,2,'Elena','Morales',25382807,'Elena@Morales.com',1,'2017-09-26',1,0),(278,'B',5,904,3,'Marta','Atencio',25608690,'Marta@Atencio.com',0,'2017-09-26',1,0),(279,'B',5,1003,2,'Mara','Morillo',25762509,'Mara@Morillo.com',0,'2017-09-26',1,0),(280,'B',5,1004,3,'Elena','Morillo',25178099,'Elena@Morillo.com',1,'2017-09-26',1,0),(281,'B',5,1103,2,'Sergio','Garcia',25829634,'Sergio@Garcia.com',0,'2017-09-26',1,0),(282,'B',5,1104,3,'Raquel','Morales',25241879,'Raquel@Morales.com',1,'2017-09-26',1,0),(283,'B',5,1203,2,'Paula','Cruz',25305605,'Paula@Cruz.com',0,'2017-09-26',1,0),(284,'B',5,1204,3,'Marta','Sandoval',25410851,'Marta@Sandoval.com',0,'2017-09-26',1,0),(285,'B',5,1303,2,'Pablo','Rivera',25144522,'Pablo@Rivera.com',1,'2017-09-26',1,0),(286,'B',5,1304,3,'Jorge','Pieiro',25811308,'Jorge@Pieiro.com',0,'2017-09-26',1,0),(287,'B',6,101,2,'Marta','Pieiro',25257789,'Marta@Pieiro.com',0,'2017-09-26',1,0),(288,'B',6,102,3,'Sara','Morillo',25352476,'Sara@Morillo.com',0,'2017-09-26',1,0),(289,'B',6,201,2,'Javier','Cruz',25299372,'Javier@Cruz.com',1,'2017-09-26',1,0),(290,'B',6,202,3,'Jos','Lisboa',25856096,'Jos@Lisboa.com',1,'2017-09-26',1,0),(291,'B',6,301,2,'Javier','Barroso',25419686,'Javier@Barroso.com',1,'2017-09-26',1,0),(292,'B',6,302,3,'Daniel','Cruz',25911484,'Daniel@Cruz.com',1,'2017-09-26',1,0),(293,'B',6,401,2,'Javier','Bravo',25382253,'Javier@Bravo.com',1,'2017-09-26',1,0),(294,'B',6,402,3,'Eva','Barroso',25156707,'Eva@Barroso.com',0,'2017-09-26',1,0),(295,'B',6,501,2,'Paula','Lisboa',25635718,'Paula@Lisboa.com',1,'2017-09-26',1,0),(296,'B',6,502,3,'Alejandro','Cruz',25526487,'Alejandro@Cruz.com',1,'2017-09-26',1,0),(297,'B',6,601,2,'Silvia','Sandoval',25643078,'Silvia@Sandoval.com',0,'2017-09-26',1,0),(298,'B',6,602,3,'Diego','Garcia',25756063,'Diego@Garcia.com',1,'2017-09-26',1,0),(299,'B',6,701,2,'Sergio','Bravo',25122426,'Sergio@Bravo.com',1,'2017-09-26',1,0),(300,'B',6,702,3,'Laura','Lopez',25625415,'Laura@Lopez.com',1,'2017-09-26',1,0),(301,'B',6,801,2,'Jos','Lisboa',25143845,'Jos@Lisboa.com',1,'2017-09-26',1,0),(302,'B',6,802,3,'Raquel','Atencio',25036208,'Raquel@Atencio.com',0,'2017-09-26',1,0),(303,'B',6,901,2,'Sergio','Martinez',25047309,'Sergio@Martinez.com',1,'2017-09-26',1,0),(304,'B',6,902,3,'Sergio','Ramos',25107846,'Sergio@Ramos.com',0,'2017-09-26',1,0),(305,'B',6,1001,2,'Raquel','Lisboa',25728908,'Raquel@Lisboa.com',0,'2017-09-26',1,0),(306,'B',6,1002,3,'Silvia','Rodriguez',25810775,'Silvia@Rodriguez.com',1,'2017-09-26',1,0),(307,'B',6,1101,2,'Sara','Lubo',25643968,'Sara@Lubo.com',0,'2017-09-26',1,0),(308,'B',6,1102,3,'Jorge','Avila',25643831,'Jorge@Avila.com',0,'2017-09-26',1,0),(309,'B',6,1201,2,'Alejandro','Pieiro',25906278,'Alejandro@Pieiro.com',1,'2017-09-26',1,0),(310,'B',6,1202,3,'Javier','Morales',25200199,'Javier@Morales.com',0,'2017-09-26',1,0),(311,'B',6,1301,2,'Elena','Mendez',25415135,'Elena@Mendez.com',1,'2017-09-26',1,0),(312,'B',6,1302,3,'Javier','Atencio',25236594,'Javier@Atencio.com',0,'2017-09-26',1,0),(313,'C',1,103,2,'Carlos','Morales',25325739,'Carlos@Morales.com',0,'2017-09-26',1,0),(314,'C',1,104,3,'Diego','Avila',25079963,'Diego@Avila.com',1,'2017-09-26',1,0),(315,'C',1,203,2,'Laura','Cruz',25451084,'Laura@Cruz.com',0,'2017-09-26',1,0),(316,'C',1,204,3,'Laura','Martinez',25232085,'Laura@Martinez.com',0,'2017-09-26',1,0),(317,'C',1,303,2,'Alejandro','Perez',25828029,'Alejandro@Perez.com',0,'2017-09-26',1,0),(318,'C',1,304,3,'Jos','Lubo',25075983,'Jos@Lubo.com',1,'2017-09-26',1,0),(319,'C',1,403,2,'Marta','Morillo',25210132,'Marta@Morillo.com',0,'2017-09-26',1,0),(320,'C',1,404,3,'Eva','Morillo',25969389,'Eva@Morillo.com',0,'2017-09-26',1,0),(321,'C',1,503,2,'Elena','Morales',25808926,'Elena@Morales.com',0,'2017-09-26',1,0),(322,'C',1,504,3,'Laura','Lisboa',25633668,'Laura@Lisboa.com',1,'2017-09-26',1,0),(323,'C',1,603,2,'Mara','Morales',25778870,'Mara@Morales.com',0,'2017-09-26',1,0),(324,'C',1,604,3,'Paula','Perez',25486468,'Paula@Perez.com',0,'2017-09-26',1,0),(325,'C',1,703,2,'Elena','Bravo',25360875,'Elena@Bravo.com',1,'2017-09-26',1,0),(326,'C',1,704,3,'Pablo','Bermudez',25126485,'Pablo@Bermudez.com',0,'2017-09-26',1,0),(327,'C',1,803,2,'Carlos','Garcia',25654683,'Carlos@Garcia.com',0,'2017-09-26',1,0),(328,'C',1,804,3,'Paula','Bravo',25939509,'Paula@Bravo.com',0,'2017-09-26',1,0),(329,'C',1,903,2,'Javier','Avila',25887604,'Javier@Avila.com',0,'2017-09-26',1,0),(330,'C',1,904,3,'Mara','Perez',25535670,'Mara@Perez.com',1,'2017-09-26',1,0),(331,'C',1,1003,2,'Sara','Cruz',25894682,'Sara@Cruz.com',0,'2017-09-26',1,0),(332,'C',1,1004,3,'Mara','Morales',25376255,'Mara@Morales.com',0,'2017-09-26',1,0),(333,'C',1,1103,2,'Sergio','Martinez',25864685,'Sergio@Martinez.com',0,'2017-09-26',1,0),(334,'C',1,1104,3,'Elena','Bravo',25347060,'Elena@Bravo.com',1,'2017-09-26',1,0),(335,'C',1,1203,2,'Mara','Rodriguez',25148664,'Mara@Rodriguez.com',1,'2017-09-26',1,0),(336,'C',1,1204,3,'Silvia','Lisboa',25893499,'Silvia@Lisboa.com',0,'2017-09-26',1,0),(337,'C',1,1303,2,'Marta','Rivera',25481306,'Marta@Rivera.com',0,'2017-09-26',1,0),(338,'C',1,1304,3,'Alejandro','Bravo',25521808,'Alejandro@Bravo.com',1,'2017-09-26',1,0),(339,'C',2,101,2,'Silvia','Bravo',25366748,'Silvia@Bravo.com',0,'2017-09-26',1,0),(340,'C',2,102,3,'Elena','Perez',25814427,'Elena@Perez.com',0,'2017-09-26',1,0),(341,'C',2,201,2,'Sergio','Cruz',25368091,'Sergio@Cruz.com',0,'2017-09-26',1,0),(342,'C',2,202,3,'Jorge','Cruz',25546847,'Jorge@Cruz.com',0,'2017-09-26',1,0),(343,'C',2,301,2,'Jorge','Morillo',25416721,'Jorge@Morillo.com',0,'2017-09-26',1,0),(344,'C',2,302,3,'Javier','Rivera',25921525,'Javier@Rivera.com',1,'2017-09-26',1,0),(345,'C',2,401,2,'Jorge','Lopez',25609598,'Jorge@Lopez.com',0,'2017-09-26',1,0),(346,'C',2,402,3,'Luca','Mendez',25419260,'Luca@Mendez.com',1,'2017-09-26',1,0),(347,'C',2,501,2,'Sergio','Sandoval',25806721,'Sergio@Sandoval.com',1,'2017-09-26',1,0),(348,'C',2,502,3,'Daniel','Ramos',25721660,'Daniel@Ramos.com',0,'2017-09-26',1,0),(349,'C',2,601,2,'Sara','Pieiro',25356467,'Sara@Pieiro.com',0,'2017-09-26',1,0),(350,'C',2,602,3,'Marta','Martinez',25674343,'Marta@Martinez.com',1,'2017-09-26',1,0),(351,'C',2,701,2,'Elena','Morillo',25445657,'Elena@Morillo.com',0,'2017-09-26',1,0),(352,'C',2,702,3,'Silvia','Lubo',25208636,'Silvia@Lubo.com',0,'2017-09-26',1,0),(353,'C',2,801,2,'Marta','Perez',25439223,'Marta@Perez.com',0,'2017-09-26',1,0),(354,'C',2,802,3,'Raquel','Bravo',25431715,'Raquel@Bravo.com',1,'2017-09-26',1,0),(355,'C',2,901,2,'Diego','Rivera',25713209,'Diego@Rivera.com',1,'2017-09-26',1,0),(356,'C',2,902,3,'Laura','Cruz',25204128,'Laura@Cruz.com',0,'2017-09-26',1,0),(357,'C',2,1001,2,'Mara','Lopez',25484056,'Mara@Lopez.com',0,'2017-09-26',1,0),(358,'C',2,1002,3,'Mara','Lisboa',25409458,'Mara@Lisboa.com',1,'2017-09-26',1,0),(359,'C',2,1101,2,'Jos','Cruz',25944656,'Jos@Cruz.com',1,'2017-09-26',1,0),(360,'C',2,1102,3,'Paula','Bermudez',25191899,'Paula@Bermudez.com',1,'2017-09-26',1,0),(361,'C',2,1201,2,'Sergio','Pieiro',25653956,'Sergio@Pieiro.com',0,'2017-09-26',1,0),(362,'C',2,1202,3,'Sergio','Lisboa',25307266,'Sergio@Lisboa.com',1,'2017-09-26',1,0),(363,'C',2,1301,2,'Pablo','Bermudez',25374246,'Pablo@Bermudez.com',0,'2017-09-26',1,0),(364,'C',2,1302,3,'Raquel','Morales',25145323,'Raquel@Morales.com',0,'2017-09-26',1,0),(365,'C',3,103,2,'Mara','Sandoval',25464533,'Mara@Sandoval.com',0,'2017-09-26',1,0),(366,'C',3,104,3,'Raquel','Lopez',25464923,'Raquel@Lopez.com',0,'2017-09-26',1,0),(367,'C',3,203,2,'Marta','Garcia',25130814,'Marta@Garcia.com',0,'2017-09-26',1,0),(368,'C',3,204,3,'Silvia','Sandoval',25166928,'Silvia@Sandoval.com',0,'2017-09-26',1,0),(369,'C',3,303,2,'Eva','Barroso',25828506,'Eva@Barroso.com',1,'2017-09-26',1,0),(370,'C',3,304,3,'Mara','Perez',25312588,'Mara@Perez.com',1,'2017-09-26',1,0),(371,'C',3,403,2,'Carlos','Martinez',25762455,'Carlos@Martinez.com',1,'2017-09-26',1,0),(372,'C',3,404,3,'Jos','Rodriguez',25072947,'Jos@Rodriguez.com',1,'2017-09-26',1,0),(373,'C',3,503,2,'Jorge','Rodriguez',25265610,'Jorge@Rodriguez.com',1,'2017-09-26',1,0),(374,'C',3,504,3,'Alejandro','Morillo',25380409,'Alejandro@Morillo.com',0,'2017-09-26',1,0),(375,'C',3,603,2,'Jos','Ramos',25063963,'Jos@Ramos.com',0,'2017-09-26',1,0),(376,'C',3,604,3,'Eva','Lopez',25735345,'Eva@Lopez.com',0,'2017-09-26',1,0),(377,'C',3,703,2,'Elena','Lubo',25856693,'Elena@Lubo.com',1,'2017-09-26',1,0),(378,'C',3,704,3,'Marta','Sandoval',25318049,'Marta@Sandoval.com',1,'2017-09-26',1,0),(379,'C',3,803,2,'Javier','Rodriguez',25342448,'Javier@Rodriguez.com',0,'2017-09-26',1,0),(380,'C',3,804,3,'Jorge','Lisboa',25966736,'Jorge@Lisboa.com',0,'2017-09-26',1,0),(381,'C',3,903,2,'Pablo','Martinez',25901951,'Pablo@Martinez.com',0,'2017-09-26',1,0),(382,'C',3,904,3,'Silvia','Rivera',25608333,'Silvia@Rivera.com',0,'2017-09-26',1,0),(383,'C',3,1003,2,'Javier','Ramos',25174623,'Javier@Ramos.com',0,'2017-09-26',1,0),(384,'C',3,1004,3,'Eva','Bravo',25497350,'Eva@Bravo.com',0,'2017-09-26',1,0),(385,'C',3,1103,2,'Paula','Barroso',25747123,'Paula@Barroso.com',0,'2017-09-26',1,0),(386,'C',3,1104,3,'Jorge','Ramos',25774392,'Jorge@Ramos.com',0,'2017-09-26',1,0),(387,'C',3,1203,2,'Pablo','Barroso',25939284,'Pablo@Barroso.com',1,'2017-09-26',1,0),(388,'C',3,1204,3,'Silvia','Lubo',25904646,'Silvia@Lubo.com',0,'2017-09-26',1,0),(389,'C',3,1303,2,'Raquel','Lisboa',25823029,'Raquel@Lisboa.com',0,'2017-09-26',1,0),(390,'C',3,1304,3,'Paula','Morillo',25619178,'Paula@Morillo.com',0,'2017-09-26',1,0),(391,'C',4,101,2,'Carlos','Rodriguez',25820890,'Carlos@Rodriguez.com',0,'2017-09-26',1,0),(392,'C',4,102,3,'Eva','Avila',25744715,'Eva@Avila.com',1,'2017-09-26',1,0),(393,'C',4,201,2,'Paula','Morillo',25040116,'Paula@Morillo.com',0,'2017-09-26',1,0),(394,'C',4,202,3,'Mara','Morales',25716407,'Mara@Morales.com',0,'2017-09-26',1,0),(395,'C',4,301,2,'Diego','Pieiro',25411605,'Diego@Pieiro.com',1,'2017-09-26',1,0),(396,'C',4,302,3,'Mara','Martinez',25268856,'Mara@Martinez.com',1,'2017-09-26',1,0),(397,'C',4,401,2,'Elena','Garcia',25867847,'Elena@Garcia.com',0,'2017-09-26',1,0),(398,'C',4,402,3,'Daniel','Pieiro',25162508,'Daniel@Pieiro.com',1,'2017-09-26',1,0),(399,'C',4,501,2,'Javier','Martinez',25511234,'Javier@Martinez.com',1,'2017-09-26',1,0),(400,'C',4,502,3,'Laura','Morillo',25145712,'Laura@Morillo.com',0,'2017-09-26',1,0),(401,'C',4,601,2,'Mara','Martinez',25713373,'Mara@Martinez.com',0,'2017-09-26',1,0),(402,'C',4,602,3,'Alejandro','Morales',25550608,'Alejandro@Morales.com',1,'2017-09-26',1,0),(403,'C',4,701,2,'Paula','Garcia',25921249,'Paula@Garcia.com',0,'2017-09-26',1,0),(404,'C',4,702,3,'Carlos','Pieiro',25097455,'Carlos@Pieiro.com',0,'2017-09-26',1,0),(405,'C',4,801,2,'Elena','Garcia',25651953,'Elena@Garcia.com',0,'2017-09-26',1,0),(406,'C',4,802,3,'Jorge','Ramos',25966346,'Jorge@Ramos.com',0,'2017-09-26',1,0),(407,'C',4,901,2,'Paula','Morales',25360471,'Paula@Morales.com',1,'2017-09-26',1,0),(408,'C',4,902,3,'Daniel','Rodriguez',25748840,'Daniel@Rodriguez.com',1,'2017-09-26',1,0),(409,'C',4,1001,2,'Mara','Atencio',25079558,'Mara@Atencio.com',1,'2017-09-26',1,0),(410,'C',4,1002,3,'Paula','Rivera',25567060,'Paula@Rivera.com',1,'2017-09-26',1,0),(411,'C',4,1101,2,'Raquel','Avila',25261006,'Raquel@Avila.com',0,'2017-09-26',1,0),(412,'C',4,1102,3,'Alejandro','Lopez',25445868,'Alejandro@Lopez.com',0,'2017-09-26',1,0),(413,'C',4,1201,2,'Laura','Bravo',25508213,'Laura@Bravo.com',1,'2017-09-26',1,0),(414,'C',4,1202,3,'David','Ramos',25535464,'David@Ramos.com',0,'2017-09-26',1,0),(415,'C',4,1301,2,'Carlos','Pieiro',25882312,'Carlos@Pieiro.com',0,'2017-09-26',1,0),(416,'C',4,1302,3,'Luca','Martinez',25619565,'Luca@Martinez.com',0,'2017-09-26',1,0),(417,'C',5,103,2,'Laura','Morillo',25025771,'Laura@Morillo.com',0,'2017-09-26',1,0),(418,'C',5,104,3,'Laura','Pieiro',25341531,'Laura@Pieiro.com',0,'2017-09-26',1,0),(419,'C',5,203,2,'Silvia','Rivera',25653535,'Silvia@Rivera.com',1,'2017-09-26',1,0),(420,'C',5,204,3,'David','Sandoval',25887357,'David@Sandoval.com',0,'2017-09-26',1,0),(421,'C',5,303,2,'Carlos','Atencio',25805697,'Carlos@Atencio.com',0,'2017-09-26',1,0),(422,'C',5,304,3,'Luca','Pieiro',25784895,'Luca@Pieiro.com',0,'2017-09-26',1,0),(423,'C',5,403,2,'Sara','Mendez',25451355,'Sara@Mendez.com',0,'2017-09-26',1,0),(424,'C',5,404,3,'Diego','Avila',25380387,'Diego@Avila.com',1,'2017-09-26',1,0),(425,'C',5,503,2,'Alejandro','Barroso',25988845,'Alejandro@Barroso.com',1,'2017-09-26',1,0),(426,'C',5,504,3,'Sergio','Sandoval',25864631,'Sergio@Sandoval.com',0,'2017-09-26',1,0),(427,'C',5,603,2,'David','Cruz',25582195,'David@Cruz.com',0,'2017-09-26',1,0),(428,'C',5,604,3,'Diego','Avila',25686167,'Diego@Avila.com',1,'2017-09-26',1,0),(429,'C',5,703,2,'Carlos','Morales',25750658,'Carlos@Morales.com',0,'2017-09-26',1,0),(430,'C',5,704,3,'Raquel','Ramos',25745954,'Raquel@Ramos.com',0,'2017-09-26',1,0),(431,'C',5,803,2,'Diego','Avila',25409316,'Diego@Avila.com',1,'2017-09-26',1,0),(432,'C',5,804,3,'Paula','Ramos',25533364,'Paula@Ramos.com',0,'2017-09-26',1,0),(433,'C',5,903,2,'Sara','Barroso',25361215,'Sara@Barroso.com',0,'2017-09-26',1,0),(434,'C',5,904,3,'Diego','Sandoval',25023147,'Diego@Sandoval.com',1,'2017-09-26',1,0),(435,'C',5,1003,2,'David','Lopez',25146587,'David@Lopez.com',0,'2017-09-26',1,0),(436,'C',5,1004,3,'Carlos','Rivera',25914060,'Carlos@Rivera.com',0,'2017-09-26',1,0),(437,'C',5,1103,2,'Marta','Lubo',25866788,'Marta@Lubo.com',0,'2017-09-26',1,0),(438,'C',5,1104,3,'Jorge','Barroso',25824225,'Jorge@Barroso.com',1,'2017-09-26',1,0),(439,'C',5,1203,2,'Jorge','Bravo',25987773,'Jorge@Bravo.com',1,'2017-09-26',1,0),(440,'C',5,1204,3,'Luca','Morillo',25639135,'Luca@Morillo.com',0,'2017-09-26',1,0),(441,'C',5,1303,2,'Silvia','Sandoval',25248613,'Silvia@Sandoval.com',1,'2017-09-26',1,0),(442,'C',5,1304,3,'Carlos','Sandoval',25033327,'Carlos@Sandoval.com',1,'2017-09-26',1,0),(443,'C',6,101,2,'Pablo','Garcia',25782861,'Pablo@Garcia.com',0,'2017-09-26',1,0),(444,'C',6,102,3,'Eva','Garcia',25151460,'Eva@Garcia.com',1,'2017-09-26',1,0),(445,'C',6,201,2,'Jorge','Pieiro',25645887,'Jorge@Pieiro.com',1,'2017-09-26',1,0),(446,'C',6,202,3,'Sergio','Rivera',25788702,'Sergio@Rivera.com',0,'2017-09-26',1,0),(447,'C',6,301,2,'Eva','Barroso',25965383,'Eva@Barroso.com',0,'2017-09-26',1,0),(448,'C',6,302,3,'Laura','Rodriguez',25175158,'Laura@Rodriguez.com',0,'2017-09-26',1,0),(449,'C',6,401,2,'Javier','Garcia',25670393,'Javier@Garcia.com',0,'2017-09-26',1,0),(450,'C',6,402,3,'Pablo','Rivera',25647856,'Pablo@Rivera.com',0,'2017-09-26',1,0),(451,'C',6,501,2,'Elena','Sandoval',25508103,'Elena@Sandoval.com',1,'2017-09-26',1,0),(452,'C',6,502,3,'Luca','Garcia',25112152,'Luca@Garcia.com',0,'2017-09-26',1,0),(453,'C',6,601,2,'Javier','Rodriguez',25535736,'Javier@Rodriguez.com',0,'2017-09-26',1,0),(454,'C',6,602,3,'Elena','Morales',25743145,'Elena@Morales.com',1,'2017-09-26',1,0),(455,'C',6,701,2,'David','Garcia',25678005,'David@Garcia.com',1,'2017-09-26',1,0),(456,'C',6,702,3,'Jos','Atencio',25876704,'Jos@Atencio.com',0,'2017-09-26',1,0),(457,'C',6,801,2,'David','Pieiro',25716898,'David@Pieiro.com',0,'2017-09-26',1,0),(458,'C',6,802,3,'Raquel','Ramos',25159827,'Raquel@Ramos.com',0,'2017-09-26',1,0),(459,'C',6,901,2,'Alejandro','Sandoval',25526414,'Alejandro@Sandoval.com',0,'2017-09-26',1,0),(460,'C',6,902,3,'Sara','Avila',25512782,'Sara@Avila.com',0,'2017-09-26',1,0),(461,'C',6,1001,2,'Jos','Sandoval',25999361,'Jos@Sandoval.com',0,'2017-09-26',1,0),(462,'C',6,1002,3,'Jos','Atencio',25426663,'Jos@Atencio.com',1,'2017-09-26',1,0),(463,'C',6,1101,2,'Elena','Bravo',25233758,'Elena@Bravo.com',0,'2017-09-26',1,0),(464,'C',6,1102,3,'Silvia','Sandoval',25246233,'Silvia@Sandoval.com',1,'2017-09-26',1,0),(465,'C',6,1201,2,'Diego','Avila',25421757,'Diego@Avila.com',0,'2017-09-26',1,0),(466,'C',6,1202,3,'Marta','Pieiro',25876394,'Marta@Pieiro.com',0,'2017-09-26',1,0),(467,'C',6,1301,2,'Javier','Bravo',25498499,'Javier@Bravo.com',1,'2017-09-26',1,0),(468,'C',6,1302,3,'Raquel','Pieiro',25819477,'Raquel@Pieiro.com',0,'2017-09-26',1,0),(469,'D',1,103,2,'Daniel','Atencio',25428169,'Daniel@Atencio.com',1,'2017-09-26',1,0),(470,'D',1,104,3,'Elena','Avila',25140938,'Elena@Avila.com',0,'2017-09-26',1,0),(471,'D',1,203,2,'Sara','Lubo',25491611,'Sara@Lubo.com',0,'2017-09-26',1,0),(472,'D',1,204,3,'Paula','Barroso',25321536,'Paula@Barroso.com',0,'2017-09-26',1,0),(473,'D',1,303,2,'Pablo','Perez',25594753,'Pablo@Perez.com',0,'2017-09-26',1,0),(474,'D',1,304,3,'Elena','Rivera',25444764,'Elena@Rivera.com',0,'2017-09-26',1,0),(475,'D',1,403,2,'Luca','Pieiro',25523294,'Luca@Pieiro.com',0,'2017-09-26',1,0),(476,'D',1,404,3,'Luca','Lisboa',25663338,'Luca@Lisboa.com',0,'2017-09-26',1,0),(477,'D',1,503,2,'Mara','Lubo',25543099,'Mara@Lubo.com',0,'2017-09-26',1,0),(478,'D',1,504,3,'Paula','Barroso',25522201,'Paula@Barroso.com',0,'2017-09-26',1,0),(479,'D',1,603,2,'Javier','Bravo',25722710,'Javier@Bravo.com',0,'2017-09-26',1,0),(480,'D',1,604,3,'Jos','Morales',25926154,'Jos@Morales.com',0,'2017-09-26',1,0),(481,'D',1,703,2,'Carlos','Lisboa',25533361,'Carlos@Lisboa.com',0,'2017-09-26',1,0),(482,'D',1,704,3,'Eva','Lubo',25327501,'Eva@Lubo.com',0,'2017-09-26',1,0),(483,'D',1,803,2,'Luca','Sandoval',25175739,'Luca@Sandoval.com',1,'2017-09-26',1,0),(484,'D',1,804,3,'Elena','Atencio',25229670,'Elena@Atencio.com',1,'2017-09-26',1,0),(485,'D',1,903,2,'Mara','Sandoval',25630126,'Mara@Sandoval.com',0,'2017-09-26',1,0),(486,'D',1,904,3,'Raquel','Lubo',25141532,'Raquel@Lubo.com',0,'2017-09-26',1,0),(487,'D',1,1003,2,'Carlos','Barroso',25931636,'Carlos@Barroso.com',0,'2017-09-26',1,0),(488,'D',1,1004,3,'Sergio','Avila',25863852,'Sergio@Avila.com',0,'2017-09-26',1,0),(489,'D',1,1103,2,'Eva','Cruz',25780370,'Eva@Cruz.com',0,'2017-09-26',1,0),(490,'D',1,1104,3,'Mara','Garcia',25132255,'Mara@Garcia.com',0,'2017-09-26',1,0),(491,'D',1,1203,2,'Eva','Barroso',25626194,'Eva@Barroso.com',1,'2017-09-26',1,0),(492,'D',1,1204,3,'Laura','Rodriguez',25899429,'Laura@Rodriguez.com',1,'2017-09-26',1,0),(493,'D',1,1303,2,'Raquel','Barroso',25465172,'Raquel@Barroso.com',0,'2017-09-26',1,0),(494,'D',1,1304,3,'Alejandro','Lubo',25766369,'Alejandro@Lubo.com',1,'2017-09-26',1,0),(495,'D',2,101,2,'Sergio','Martinez',25465893,'Sergio@Martinez.com',0,'2017-09-26',1,0),(496,'D',2,102,3,'Diego','Mendez',25434183,'Diego@Mendez.com',0,'2017-09-26',1,0),(497,'D',2,201,2,'Sara','Atencio',25829054,'Sara@Atencio.com',0,'2017-09-26',1,0),(498,'D',2,202,3,'Alejandro','Mendez',25107119,'Alejandro@Mendez.com',1,'2017-09-26',1,0),(499,'D',2,301,2,'Marta','Sandoval',25102265,'Marta@Sandoval.com',1,'2017-09-26',1,0),(500,'D',2,302,3,'Pablo','Lubo',25495032,'Pablo@Lubo.com',1,'2017-09-26',1,0),(501,'D',2,401,2,'Daniel','Bravo',25035177,'Daniel@Bravo.com',0,'2017-09-26',1,0),(502,'D',2,402,3,'Silvia','Bermudez',25652029,'Silvia@Bermudez.com',0,'2017-09-26',1,0),(503,'D',2,501,2,'Mara','Avila',25829957,'Mara@Avila.com',0,'2017-09-26',1,0),(504,'D',2,502,3,'Luca','Sandoval',25844755,'Luca@Sandoval.com',1,'2017-09-26',1,0),(505,'D',2,601,2,'Pablo','Ramos',25772916,'Pablo@Ramos.com',1,'2017-09-26',1,0),(506,'D',2,602,3,'Eva','Atencio',25719139,'Eva@Atencio.com',0,'2017-09-26',1,0),(507,'D',2,701,2,'David','Rivera',25627154,'David@Rivera.com',0,'2017-09-26',1,0),(508,'D',2,702,3,'Sara','Mendez',25640171,'Sara@Mendez.com',0,'2017-09-26',1,0),(509,'D',2,801,2,'Elena','Morillo',25788353,'Elena@Morillo.com',0,'2017-09-26',1,0),(510,'D',2,802,3,'Mara','Avila',25313583,'Mara@Avila.com',1,'2017-09-26',1,0),(511,'D',2,901,2,'Paula','Lubo',25564859,'Paula@Lubo.com',0,'2017-09-26',1,0),(512,'D',2,902,3,'Paula','Perez',25828008,'Paula@Perez.com',0,'2017-09-26',1,0),(513,'D',2,1001,2,'Mara','Morales',25198310,'Mara@Morales.com',0,'2017-09-26',1,0),(514,'D',2,1002,3,'Diego','Bravo',25432950,'Diego@Bravo.com',1,'2017-09-26',1,0),(515,'D',2,1101,2,'Daniel','Atencio',25270690,'Daniel@Atencio.com',1,'2017-09-26',1,0),(516,'D',2,1102,3,'Elena','Avila',25672990,'Elena@Avila.com',1,'2017-09-26',1,0),(517,'D',2,1201,2,'David','Cruz',25562304,'David@Cruz.com',0,'2017-09-26',1,0),(518,'D',2,1202,3,'Jos','Avila',25881572,'Jos@Avila.com',0,'2017-09-26',1,0),(519,'D',2,1301,2,'Sara','Pieiro',25047696,'Sara@Pieiro.com',0,'2017-09-26',1,0),(520,'D',2,1302,3,'Paula','Avila',25113580,'Paula@Avila.com',0,'2017-09-26',1,0),(521,'D',3,103,2,'Marta','Perez',25947582,'Marta@Perez.com',0,'2017-09-26',1,0),(522,'D',3,104,3,'Javier','Garcia',25099703,'Javier@Garcia.com',0,'2017-09-26',1,0),(523,'D',3,203,2,'David','Rodriguez',25985661,'David@Rodriguez.com',0,'2017-09-26',1,0),(524,'D',3,204,3,'Mara','Sandoval',25490542,'Mara@Sandoval.com',0,'2017-09-26',1,0),(525,'D',3,303,2,'David','Morales',25950929,'David@Morales.com',0,'2017-09-26',1,0),(526,'D',3,304,3,'Alejandro','Bravo',25970160,'Alejandro@Bravo.com',0,'2017-09-26',1,0),(527,'D',3,403,2,'Paula','Bermudez',25127870,'Paula@Bermudez.com',1,'2017-09-26',1,0),(528,'D',3,404,3,'Eva','Perez',25968575,'Eva@Perez.com',0,'2017-09-26',1,0),(529,'D',3,503,2,'Diego','Lubo',25226939,'Diego@Lubo.com',1,'2017-09-26',1,0),(530,'D',3,504,3,'Alejandro','Atencio',25732561,'Alejandro@Atencio.com',1,'2017-09-26',1,0),(531,'D',3,603,2,'Javier','Lubo',25582536,'Javier@Lubo.com',1,'2017-09-26',1,0),(532,'D',3,604,3,'Daniel','Garcia',25012132,'Daniel@Garcia.com',0,'2017-09-26',1,0),(533,'D',3,703,2,'Javier','Barroso',25543314,'Javier@Barroso.com',0,'2017-09-26',1,0),(534,'D',3,704,3,'Sergio','Mendez',25445728,'Sergio@Mendez.com',0,'2017-09-26',1,0),(535,'D',3,803,2,'Mara','Garcia',25082806,'Mara@Garcia.com',0,'2017-09-26',1,0),(536,'D',3,804,3,'Mara','Bermudez',25805851,'Mara@Bermudez.com',0,'2017-09-26',1,0),(537,'D',3,903,2,'Javier','Lisboa',25413861,'Javier@Lisboa.com',0,'2017-09-26',1,0),(538,'D',3,904,3,'Diego','Martinez',25996108,'Diego@Martinez.com',0,'2017-09-26',1,0),(539,'D',3,1003,2,'Raquel','Pieiro',25412681,'Raquel@Pieiro.com',0,'2017-09-26',1,0),(540,'D',3,1004,3,'Sara','Lisboa',25254237,'Sara@Lisboa.com',1,'2017-09-26',1,0),(541,'D',3,1103,2,'Pablo','Avila',25552233,'Pablo@Avila.com',0,'2017-09-26',1,0),(542,'D',3,1104,3,'Marta','Ramos',25698289,'Marta@Ramos.com',0,'2017-09-26',1,0),(543,'D',3,1203,2,'Silvia','Garcia',25890733,'Silvia@Garcia.com',0,'2017-09-26',1,0),(544,'D',3,1204,3,'Daniel','Ramos',25622265,'Daniel@Ramos.com',1,'2017-09-26',1,0),(545,'D',3,1303,2,'Eva','Pieiro',25979703,'Eva@Pieiro.com',1,'2017-09-26',1,0),(546,'D',3,1304,3,'Jorge','Garcia',25618360,'Jorge@Garcia.com',1,'2017-09-26',1,0),(547,'D',4,101,2,'Elena','Lubo',25826431,'Elena@Lubo.com',0,'2017-09-26',1,0),(548,'D',4,102,3,'Sergio','Lopez',25840833,'Sergio@Lopez.com',0,'2017-09-26',1,0),(549,'D',4,201,2,'Jos','Morillo',25394670,'Jos@Morillo.com',0,'2017-09-26',1,0),(550,'D',4,202,3,'Sergio','Pieiro',25966502,'Sergio@Pieiro.com',0,'2017-09-26',1,0),(551,'D',4,301,2,'Silvia','Bravo',25670266,'Silvia@Bravo.com',1,'2017-09-26',1,0),(552,'D',4,302,3,'Marta','Bermudez',25144221,'Marta@Bermudez.com',0,'2017-09-26',1,0),(553,'D',4,401,2,'Carlos','Garcia',25160286,'Carlos@Garcia.com',0,'2017-09-26',1,0),(554,'D',4,402,3,'Paula','Barroso',25704889,'Paula@Barroso.com',0,'2017-09-26',1,0),(555,'D',4,501,2,'Silvia','Lopez',25879093,'Silvia@Lopez.com',1,'2017-09-26',1,0),(556,'D',4,502,3,'Mara','Rodriguez',25769540,'Mara@Rodriguez.com',1,'2017-09-26',1,0),(557,'D',4,601,2,'Daniel','Avila',25854895,'Daniel@Avila.com',0,'2017-09-26',1,0),(558,'D',4,602,3,'Laura','Atencio',25998597,'Laura@Atencio.com',1,'2017-09-26',1,0),(559,'D',4,701,2,'Daniel','Atencio',25275952,'Daniel@Atencio.com',1,'2017-09-26',1,0),(560,'D',4,702,3,'Mara','Pieiro',25135335,'Mara@Pieiro.com',0,'2017-09-26',1,0),(561,'D',4,801,2,'David','Rivera',25819764,'David@Rivera.com',0,'2017-09-26',1,0),(562,'D',4,802,3,'Eva','Mendez',25674424,'Eva@Mendez.com',0,'2017-09-26',1,0),(563,'D',4,901,2,'Elena','Avila',25252308,'Elena@Avila.com',0,'2017-09-26',1,0),(564,'D',4,902,3,'Raquel','Ramos',25706145,'Raquel@Ramos.com',0,'2017-09-26',1,0),(565,'D',4,1001,2,'Daniel','Rivera',25631918,'Daniel@Rivera.com',1,'2017-09-26',1,0),(566,'D',4,1002,3,'David','Mendez',25759933,'David@Mendez.com',0,'2017-09-26',1,0),(567,'D',4,1101,2,'Laura','Lisboa',25888458,'Laura@Lisboa.com',0,'2017-09-26',1,0),(568,'D',4,1102,3,'Laura','Lisboa',25224845,'Laura@Lisboa.com',0,'2017-09-26',1,0),(569,'D',4,1201,2,'Alejandro','Barroso',25654416,'Alejandro@Barroso.com',1,'2017-09-26',1,0),(570,'D',4,1202,3,'Laura','Pieiro',25267680,'Laura@Pieiro.com',0,'2017-09-26',1,0),(571,'D',4,1301,2,'Raquel','Avila',25809049,'Raquel@Avila.com',0,'2017-09-26',1,0),(572,'D',4,1302,3,'Diego','Bermudez',25052392,'Diego@Bermudez.com',0,'2017-09-26',1,0),(573,'D',5,103,2,'Sara','Avila',25280791,'Sara@Avila.com',0,'2017-09-26',1,0),(574,'D',5,104,3,'Sergio','Sandoval',25780867,'Sergio@Sandoval.com',0,'2017-09-26',1,0),(575,'D',5,203,2,'Jorge','Atencio',25980671,'Jorge@Atencio.com',1,'2017-09-26',1,0),(576,'D',5,204,3,'Sergio','Garcia',25490943,'Sergio@Garcia.com',0,'2017-09-26',1,0),(577,'D',5,303,2,'Carlos','Mendez',25326752,'Carlos@Mendez.com',0,'2017-09-26',1,0),(578,'D',5,304,3,'Laura','Rivera',25402578,'Laura@Rivera.com',0,'2017-09-26',1,0),(579,'D',5,403,2,'Paula','Garcia',25959641,'Paula@Garcia.com',1,'2017-09-26',1,0),(580,'D',5,404,3,'Raquel','Mendez',25170529,'Raquel@Mendez.com',0,'2017-09-26',1,0),(581,'D',5,503,2,'Raquel','Perez',25606178,'Raquel@Perez.com',0,'2017-09-26',1,0),(582,'D',5,504,3,'Paula','Sandoval',25446631,'Paula@Sandoval.com',1,'2017-09-26',1,0),(583,'D',5,603,2,'Carlos','Lubo',25597526,'Carlos@Lubo.com',1,'2017-09-26',1,0),(584,'D',5,604,3,'Jos','Morales',25152490,'Jos@Morales.com',1,'2017-09-26',1,0),(585,'D',5,703,2,'Sara','Rodriguez',25232272,'Sara@Rodriguez.com',0,'2017-09-26',1,0),(586,'D',5,704,3,'Sergio','Lubo',25997918,'Sergio@Lubo.com',1,'2017-09-26',1,0),(587,'D',5,803,2,'Alejandro','Avila',25096088,'Alejandro@Avila.com',0,'2017-09-26',1,0),(588,'D',5,804,3,'David','Morales',25440376,'David@Morales.com',0,'2017-09-26',1,0),(589,'D',5,903,2,'Javier','Bermudez',25015233,'Javier@Bermudez.com',0,'2017-09-26',1,0),(590,'D',5,904,3,'Paula','Rodriguez',25763068,'Paula@Rodriguez.com',0,'2017-09-26',1,0),(591,'D',5,1003,2,'Javier','Bermudez',25437487,'Javier@Bermudez.com',0,'2017-09-26',1,0),(592,'D',5,1004,3,'Sara','Rodriguez',25637632,'Sara@Rodriguez.com',0,'2017-09-26',1,0),(593,'D',5,1103,2,'Jos','Mendez',25346680,'Jos@Mendez.com',0,'2017-09-26',1,0),(594,'D',5,1104,3,'Eva','Lisboa',25133753,'Eva@Lisboa.com',1,'2017-09-26',1,0),(595,'D',5,1203,2,'Marta','Perez',25539520,'Marta@Perez.com',0,'2017-09-26',1,0),(596,'D',5,1204,3,'David','Lubo',25054108,'David@Lubo.com',0,'2017-09-26',1,0),(597,'D',5,1303,2,'Carlos','Bermudez',25686765,'Carlos@Bermudez.com',1,'2017-09-26',1,0),(598,'D',5,1304,3,'Marta','Lubo',25137009,'Marta@Lubo.com',0,'2017-09-26',1,0),(599,'D',6,101,2,'Laura','Martinez',25294444,'Laura@Martinez.com',1,'2017-09-26',1,0),(600,'D',6,102,3,'Sergio','Barroso',25245668,'Sergio@Barroso.com',0,'2017-09-26',1,0),(601,'D',6,201,2,'Daniel','Bravo',25284732,'Daniel@Bravo.com',0,'2017-09-26',1,0),(602,'D',6,202,3,'Carlos','Avila',25958351,'Carlos@Avila.com',0,'2017-09-26',1,0),(603,'D',6,301,2,'Elena','Mendez',25684299,'Elena@Mendez.com',0,'2017-09-26',1,0),(604,'D',6,302,3,'Jos','Ramos',25523362,'Jos@Ramos.com',1,'2017-09-26',1,0),(605,'D',6,401,2,'Luca','Sandoval',25242795,'Luca@Sandoval.com',0,'2017-09-26',1,0),(606,'D',6,402,3,'Eva','Pieiro',25858734,'Eva@Pieiro.com',0,'2017-09-26',1,0),(607,'D',6,501,2,'David','Bravo',25032908,'David@Bravo.com',1,'2017-09-26',1,0),(608,'D',6,502,3,'Mara','Bravo',25483109,'Mara@Bravo.com',1,'2017-09-26',1,0),(609,'D',6,601,2,'Carlos','Bravo',25285055,'Carlos@Bravo.com',1,'2017-09-26',1,0),(610,'D',6,602,3,'Diego','Morales',25885761,'Diego@Morales.com',0,'2017-09-26',1,0),(611,'D',6,701,2,'Eva','Avila',25615819,'Eva@Avila.com',0,'2017-09-26',1,0),(612,'D',6,702,3,'David','Lubo',25945615,'David@Lubo.com',1,'2017-09-26',1,0),(613,'D',6,801,2,'Javier','Avila',25810986,'Javier@Avila.com',0,'2017-09-26',1,0),(614,'D',6,802,3,'Eva','Morales',25326488,'Eva@Morales.com',1,'2017-09-26',1,0),(615,'D',6,901,2,'Laura','Lopez',25555569,'Laura@Lopez.com',0,'2017-09-26',1,0),(616,'D',6,902,3,'Sara','Atencio',25275249,'Sara@Atencio.com',1,'2017-09-26',1,0),(617,'D',6,1001,2,'Mara','Morillo',25971818,'Mara@Morillo.com',1,'2017-09-26',1,0),(618,'D',6,1002,3,'Jorge','Bermudez',25343603,'Jorge@Bermudez.com',0,'2017-09-26',1,0),(619,'D',6,1101,2,'Daniel','Rodriguez',25974595,'Daniel@Rodriguez.com',1,'2017-09-26',1,0),(620,'D',6,1102,3,'Marta','Ramos',25727325,'Marta@Ramos.com',0,'2017-09-26',1,0),(621,'D',6,1201,2,'Marta','Ramos',25878481,'Marta@Ramos.com',0,'2017-09-26',1,0),(622,'D',6,1202,3,'Eva','Rodriguez',25184072,'Eva@Rodriguez.com',1,'2017-09-26',1,0),(623,'D',6,1301,2,'Mara','Lopez',25576012,'Mara@Lopez.com',1,'2017-09-26',1,0),(624,'D',6,1302,3,'Marta','Avila',25627415,'Marta@Avila.com',0,'2017-09-26',1,0),(625,'E',1,103,2,'Alejandro','Sandoval',25956118,'Alejandro@Sandoval.com',0,'2017-09-26',1,0),(626,'E',1,104,3,'Marta','Martinez',25594818,'Marta@Martinez.com',0,'2017-09-26',1,0),(627,'E',1,203,2,'Alejandro','Perez',25172405,'Alejandro@Perez.com',0,'2017-09-26',1,0),(628,'E',1,204,3,'Luca','Morales',25368567,'Luca@Morales.com',0,'2017-09-26',1,0),(629,'E',1,303,2,'Alejandro','Avila',25589422,'Alejandro@Avila.com',0,'2017-09-26',1,0),(630,'E',1,304,3,'Pablo','Morillo',25869707,'Pablo@Morillo.com',0,'2017-09-26',1,0),(631,'E',1,403,2,'Marta','Rivera',25613155,'Marta@Rivera.com',0,'2017-09-26',1,0),(632,'E',1,404,3,'Luca','Sandoval',25821054,'Luca@Sandoval.com',0,'2017-09-26',1,0),(633,'E',1,503,2,'Paula','Garcia',25611980,'Paula@Garcia.com',0,'2017-09-26',1,0),(634,'E',1,504,3,'Sergio','Atencio',25486393,'Sergio@Atencio.com',1,'2017-09-26',1,0),(635,'E',1,603,2,'Marta','Rivera',25375202,'Marta@Rivera.com',1,'2017-09-26',1,0),(636,'E',1,604,3,'Carlos','Ramos',25239385,'Carlos@Ramos.com',0,'2017-09-26',1,0),(637,'E',1,703,2,'Jos','Sandoval',25234034,'Jos@Sandoval.com',0,'2017-09-26',1,0),(638,'E',1,704,3,'Jorge','Avila',25317559,'Jorge@Avila.com',0,'2017-09-26',1,0),(639,'E',1,803,2,'Eva','Ramos',25914331,'Eva@Ramos.com',0,'2017-09-26',1,0),(640,'E',1,804,3,'Jorge','Atencio',25460955,'Jorge@Atencio.com',0,'2017-09-26',1,0),(641,'E',1,903,2,'Elena','Rodriguez',25446014,'Elena@Rodriguez.com',1,'2017-09-26',1,0),(642,'E',1,904,3,'Sara','Martinez',25388112,'Sara@Martinez.com',0,'2017-09-26',1,0),(643,'E',1,1003,2,'Carlos','Barroso',25565304,'Carlos@Barroso.com',0,'2017-09-26',1,0),(644,'E',1,1004,3,'Sara','Sandoval',25188458,'Sara@Sandoval.com',1,'2017-09-26',1,0),(645,'E',1,1103,2,'Alejandro','Perez',25356037,'Alejandro@Perez.com',0,'2017-09-26',1,0),(646,'E',1,1104,3,'Alejandro','Morillo',25205842,'Alejandro@Morillo.com',0,'2017-09-26',1,0),(647,'E',1,1203,2,'Laura','Bermudez',25107094,'Laura@Bermudez.com',0,'2017-09-26',1,0),(648,'E',1,1204,3,'Silvia','Cruz',25755561,'Silvia@Cruz.com',0,'2017-09-26',1,0),(649,'E',1,1303,2,'Carlos','Atencio',25263038,'Carlos@Atencio.com',0,'2017-09-26',1,0),(650,'E',1,1304,3,'Alejandro','Sandoval',25962368,'Alejandro@Sandoval.com',0,'2017-09-26',1,0),(651,'E',2,101,2,'Jorge','Martinez',25544473,'Jorge@Martinez.com',0,'2017-09-26',1,0),(652,'E',2,102,3,'Silvia','Sandoval',25557730,'Silvia@Sandoval.com',0,'2017-09-26',1,0),(653,'E',2,201,2,'Paula','Sandoval',25582437,'Paula@Sandoval.com',0,'2017-09-26',1,0),(654,'E',2,202,3,'Sara','Cruz',25481830,'Sara@Cruz.com',0,'2017-09-26',1,0),(655,'E',2,301,2,'Paula','Avila',25202738,'Paula@Avila.com',0,'2017-09-26',1,0),(656,'E',2,302,3,'Jos','Lopez',25234649,'Jos@Lopez.com',1,'2017-09-26',1,0),(657,'E',2,401,2,'Jorge','Barroso',25414248,'Jorge@Barroso.com',0,'2017-09-26',1,0),(658,'E',2,402,3,'Silvia','Rodriguez',25904162,'Silvia@Rodriguez.com',1,'2017-09-26',1,0),(659,'E',2,501,2,'Silvia','Lopez',25959281,'Silvia@Lopez.com',0,'2017-09-26',1,0),(660,'E',2,502,3,'Eva','Sandoval',25637712,'Eva@Sandoval.com',1,'2017-09-26',1,0),(661,'E',2,601,2,'Raquel','Morillo',25829874,'Raquel@Morillo.com',0,'2017-09-26',1,0),(662,'E',2,602,3,'David','Rodriguez',25914557,'David@Rodriguez.com',1,'2017-09-26',1,0),(663,'E',2,701,2,'Paula','Avila',25890487,'Paula@Avila.com',0,'2017-09-26',1,0),(664,'E',2,702,3,'Javier','Cruz',25894556,'Javier@Cruz.com',0,'2017-09-26',1,0),(665,'E',2,801,2,'Elena','Pieiro',25104720,'Elena@Pieiro.com',1,'2017-09-26',1,0),(666,'E',2,802,3,'Pablo','Bravo',25655925,'Pablo@Bravo.com',0,'2017-09-26',1,0),(667,'E',2,901,2,'Diego','Bermudez',25802059,'Diego@Bermudez.com',0,'2017-09-26',1,0),(668,'E',2,902,3,'Sergio','Lubo',25455414,'Sergio@Lubo.com',1,'2017-09-26',1,0),(669,'E',2,1001,2,'Sergio','Perez',25767273,'Sergio@Perez.com',0,'2017-09-26',1,0),(670,'E',2,1002,3,'Jorge','Rivera',25746088,'Jorge@Rivera.com',0,'2017-09-26',1,0),(671,'E',2,1101,2,'Eva','Lubo',25999212,'Eva@Lubo.com',0,'2017-09-26',1,0),(672,'E',2,1102,3,'Silvia','Ramos',25708081,'Silvia@Ramos.com',0,'2017-09-26',1,0),(673,'E',2,1201,2,'Raquel','Cruz',25442432,'Raquel@Cruz.com',0,'2017-09-26',1,0),(674,'E',2,1202,3,'Mara','Lubo',25883939,'Mara@Lubo.com',0,'2017-09-26',1,0),(675,'E',2,1301,2,'Eva','Atencio',25342202,'Eva@Atencio.com',0,'2017-09-26',1,0),(676,'E',2,1302,3,'Mara','Martinez',25529614,'Mara@Martinez.com',0,'2017-09-26',1,0),(677,'E',3,103,2,'Jorge','Lisboa',25739736,'Jorge@Lisboa.com',1,'2017-09-26',1,0),(678,'E',3,104,3,'Pablo','Martinez',25165641,'Pablo@Martinez.com',0,'2017-09-26',1,0),(679,'E',3,203,2,'Carlos','Avila',25488056,'Carlos@Avila.com',0,'2017-09-26',1,0),(680,'E',3,204,3,'Jorge','Lopez',25041127,'Jorge@Lopez.com',0,'2017-09-26',1,0),(681,'E',3,303,2,'Diego','Pieiro',25586475,'Diego@Pieiro.com',0,'2017-09-26',1,0),(682,'E',3,304,3,'Jorge','Rivera',25153747,'Jorge@Rivera.com',0,'2017-09-26',1,0),(683,'E',3,403,2,'Jos','Sandoval',25663241,'Jos@Sandoval.com',0,'2017-09-26',1,0),(684,'E',3,404,3,'Pablo','Cruz',25086215,'Pablo@Cruz.com',0,'2017-09-26',1,0),(685,'E',3,503,2,'Alejandro','Morales',25788966,'Alejandro@Morales.com',0,'2017-09-26',1,0),(686,'E',3,504,3,'Marta','Sandoval',25762587,'Marta@Sandoval.com',0,'2017-09-26',1,0),(687,'E',3,603,2,'Elena','Morillo',25245818,'Elena@Morillo.com',1,'2017-09-26',1,0),(688,'E',3,604,3,'Silvia','Bermudez',25778296,'Silvia@Bermudez.com',0,'2017-09-26',1,0),(689,'E',3,703,2,'Elena','Morillo',25846098,'Elena@Morillo.com',1,'2017-09-26',1,0),(690,'E',3,704,3,'Pablo','Barroso',25216027,'Pablo@Barroso.com',0,'2017-09-26',1,0),(691,'E',3,803,2,'Jos','Lubo',25188137,'Jos@Lubo.com',0,'2017-09-26',1,0),(692,'E',3,804,3,'Eva','Pieiro',25150276,'Eva@Pieiro.com',0,'2017-09-26',1,0),(693,'E',3,903,2,'Raquel','Martinez',25068370,'Raquel@Martinez.com',1,'2017-09-26',1,0),(694,'E',3,904,3,'Carlos','Martinez',25129131,'Carlos@Martinez.com',1,'2017-09-26',1,0),(695,'E',3,1003,2,'Javier','Bravo',25146715,'Javier@Bravo.com',0,'2017-09-26',1,0),(696,'E',3,1004,3,'Jorge','Ramos',25818917,'Jorge@Ramos.com',0,'2017-09-26',1,0),(697,'E',3,1103,2,'Luca','Pieiro',25155985,'Luca@Pieiro.com',1,'2017-09-26',1,0),(698,'E',3,1104,3,'Marta','Garcia',25471749,'Marta@Garcia.com',1,'2017-09-26',1,0),(699,'E',3,1203,2,'Eva','Morales',25411222,'Eva@Morales.com',0,'2017-09-26',1,0),(700,'E',3,1204,3,'Jos','Atencio',25347155,'Jos@Atencio.com',1,'2017-09-26',1,0),(701,'E',3,1303,2,'Sara','Lisboa',25674685,'Sara@Lisboa.com',0,'2017-09-26',1,0),(702,'E',3,1304,3,'Jorge','Avila',25785592,'Jorge@Avila.com',0,'2017-09-26',1,0),(703,'E',4,101,2,'Sara','Bravo',25081412,'Sara@Bravo.com',0,'2017-09-26',1,0),(704,'E',4,102,3,'Paula','Cruz',25411429,'Paula@Cruz.com',0,'2017-09-26',1,0),(705,'E',4,201,2,'Jos','Martinez',25219138,'Jos@Martinez.com',0,'2017-09-26',1,0),(706,'E',4,202,3,'Elena','Lubo',25480440,'Elena@Lubo.com',1,'2017-09-26',1,0),(707,'E',4,301,2,'Javier','Martinez',25051318,'Javier@Martinez.com',0,'2017-09-26',1,0),(708,'E',4,302,3,'Paula','Lisboa',25489373,'Paula@Lisboa.com',1,'2017-09-26',1,0),(709,'E',4,401,2,'Alejandro','Ramos',25476281,'Alejandro@Ramos.com',0,'2017-09-26',1,0),(710,'E',4,402,3,'Alejandro','Ramos',25495260,'Alejandro@Ramos.com',1,'2017-09-26',1,0),(711,'E',4,501,2,'Sara','Lopez',25093546,'Sara@Lopez.com',0,'2017-09-26',1,0),(712,'E',4,502,3,'Silvia','Sandoval',25209891,'Silvia@Sandoval.com',1,'2017-09-26',1,0),(713,'E',4,601,2,'Mara','Martinez',25609469,'Mara@Martinez.com',1,'2017-09-26',1,0),(714,'E',4,602,3,'Jorge','Martinez',25073314,'Jorge@Martinez.com',1,'2017-09-26',1,0),(715,'E',4,701,2,'Luca','Bermudez',25427382,'Luca@Bermudez.com',1,'2017-09-26',1,0),(716,'E',4,702,3,'Sergio','Atencio',25833357,'Sergio@Atencio.com',1,'2017-09-26',1,0),(717,'E',4,801,2,'Eva','Morales',25194002,'Eva@Morales.com',0,'2017-09-26',1,0),(718,'E',4,802,3,'Diego','Morillo',25766761,'Diego@Morillo.com',0,'2017-09-26',1,0),(719,'E',4,901,2,'Mara','Ramos',25818501,'Mara@Ramos.com',1,'2017-09-26',1,0),(720,'E',4,902,3,'Diego','Martinez',25034330,'Diego@Martinez.com',1,'2017-09-26',1,0),(721,'E',4,1001,2,'Jorge','Mendez',25369845,'Jorge@Mendez.com',0,'2017-09-26',1,0),(722,'E',4,1002,3,'Diego','Lisboa',25987720,'Diego@Lisboa.com',0,'2017-09-26',1,0),(723,'E',4,1101,2,'Marta','Perez',25493574,'Marta@Perez.com',0,'2017-09-26',1,0),(724,'E',4,1102,3,'Javier','Rodriguez',25173144,'Javier@Rodriguez.com',0,'2017-09-26',1,0),(725,'E',4,1201,2,'Marta','Perez',25316863,'Marta@Perez.com',1,'2017-09-26',1,0),(726,'E',4,1202,3,'Javier','Morales',25620886,'Javier@Morales.com',0,'2017-09-26',1,0),(727,'E',4,1301,2,'David','Bermudez',25397003,'David@Bermudez.com',0,'2017-09-26',1,0),(728,'E',4,1302,3,'Jos','Lubo',25761973,'Jos@Lubo.com',1,'2017-09-26',1,0),(729,'E',5,103,2,'Carlos','Martinez',25721126,'Carlos@Martinez.com',1,'2017-09-26',1,0),(730,'E',5,104,3,'Silvia','Avila',25808833,'Silvia@Avila.com',0,'2017-09-26',1,0),(731,'E',5,203,2,'Jorge','Cruz',25776158,'Jorge@Cruz.com',1,'2017-09-26',1,0),(732,'E',5,204,3,'David','Morillo',25576552,'David@Morillo.com',0,'2017-09-26',1,0),(733,'E',5,303,2,'Eva','Martinez',25234040,'Eva@Martinez.com',0,'2017-09-26',1,0),(734,'E',5,304,3,'Laura','Garcia',25916550,'Laura@Garcia.com',1,'2017-09-26',1,0),(735,'E',5,403,2,'Diego','Cruz',25065996,'Diego@Cruz.com',0,'2017-09-26',1,0),(736,'E',5,404,3,'Silvia','Bermudez',25421537,'Silvia@Bermudez.com',1,'2017-09-26',1,0),(737,'E',5,503,2,'Carlos','Perez',25427909,'Carlos@Perez.com',0,'2017-09-26',1,0),(738,'E',5,504,3,'Jorge','Barroso',25853435,'Jorge@Barroso.com',0,'2017-09-26',1,0),(739,'E',5,603,2,'Paula','Martinez',25329424,'Paula@Martinez.com',0,'2017-09-26',1,0),(740,'E',5,604,3,'Pablo','Rivera',25784241,'Pablo@Rivera.com',0,'2017-09-26',1,0),(741,'E',5,703,2,'Daniel','Atencio',25066043,'Daniel@Atencio.com',0,'2017-09-26',1,0),(742,'E',5,704,3,'Elena','Pieiro',25030360,'Elena@Pieiro.com',0,'2017-09-26',1,0),(743,'E',5,803,2,'Jos','Atencio',25468860,'Jos@Atencio.com',0,'2017-09-26',1,0),(744,'E',5,804,3,'Pablo','Lopez',25775796,'Pablo@Lopez.com',1,'2017-09-26',1,0),(745,'E',5,903,2,'Sergio','Garcia',25882327,'Sergio@Garcia.com',1,'2017-09-26',1,0),(746,'E',5,904,3,'Jos','Rivera',25774021,'Jos@Rivera.com',0,'2017-09-26',1,0),(747,'E',5,1003,2,'Diego','Barroso',25497194,'Diego@Barroso.com',1,'2017-09-26',1,0),(748,'E',5,1004,3,'Paula','Rodriguez',25233333,'Paula@Rodriguez.com',0,'2017-09-26',1,0),(749,'E',5,1103,2,'Diego','Pieiro',25249024,'Diego@Pieiro.com',0,'2017-09-26',1,0),(750,'E',5,1104,3,'Jos','Atencio',25438401,'Jos@Atencio.com',1,'2017-09-26',1,0),(751,'E',5,1203,2,'Marta','Mendez',25961674,'Marta@Mendez.com',0,'2017-09-26',1,0),(752,'E',5,1204,3,'Sergio','Rodriguez',25720972,'Sergio@Rodriguez.com',0,'2017-09-26',1,0),(753,'E',5,1303,2,'Jorge','Pieiro',25578325,'Jorge@Pieiro.com',0,'2017-09-26',1,0),(754,'E',5,1304,3,'Luca','Lopez',25130651,'Luca@Lopez.com',0,'2017-09-26',1,0),(755,'E',6,101,2,'Paula','Mendez',25482884,'Paula@Mendez.com',1,'2017-09-26',1,0),(756,'E',6,102,3,'Luca','Perez',25283993,'Luca@Perez.com',1,'2017-09-26',1,0),(757,'E',6,201,2,'Carlos','Perez',25785069,'Carlos@Perez.com',0,'2017-09-26',1,0),(758,'E',6,202,3,'Luca','Cruz',25052523,'Luca@Cruz.com',0,'2017-09-26',1,0),(759,'E',6,301,2,'Mara','Lubo',25772377,'Mara@Lubo.com',0,'2017-09-26',1,0),(760,'E',6,302,3,'Raquel','Cruz',25044201,'Raquel@Cruz.com',0,'2017-09-26',1,0),(761,'E',6,401,2,'Carlos','Bravo',25021377,'Carlos@Bravo.com',1,'2017-09-26',1,0),(762,'E',6,402,3,'Elena','Ramos',25786022,'Elena@Ramos.com',0,'2017-09-26',1,0),(763,'E',6,501,2,'Sergio','Lopez',25613676,'Sergio@Lopez.com',0,'2017-09-26',1,0),(764,'E',6,502,3,'Eva','Barroso',25174291,'Eva@Barroso.com',0,'2017-09-26',1,0),(765,'E',6,601,2,'David','Rodriguez',25897192,'David@Rodriguez.com',1,'2017-09-26',1,0),(766,'E',6,602,3,'Carlos','Bravo',25046558,'Carlos@Bravo.com',0,'2017-09-26',1,0),(767,'E',6,701,2,'Eva','Sandoval',25917098,'Eva@Sandoval.com',1,'2017-09-26',1,0),(768,'E',6,702,3,'Sergio','Rodriguez',25232057,'Sergio@Rodriguez.com',1,'2017-09-26',1,0),(769,'E',6,801,2,'Mara','Rivera',25033082,'Mara@Rivera.com',0,'2017-09-26',1,0),(770,'E',6,802,3,'Mara','Ramos',25440553,'Mara@Ramos.com',1,'2017-09-26',1,0),(771,'E',6,901,2,'Luca','Ramos',25666962,'Luca@Ramos.com',0,'2017-09-26',1,0),(772,'E',6,902,3,'Daniel','Pieiro',25636061,'Daniel@Pieiro.com',0,'2017-09-26',1,0),(773,'E',6,1001,2,'Diego','Martinez',25272660,'Diego@Martinez.com',1,'2017-09-26',1,0),(774,'E',6,1002,3,'Diego','Martinez',25141831,'Diego@Martinez.com',0,'2017-09-26',1,0),(775,'E',6,1101,2,'Diego','Pieiro',25056888,'Diego@Pieiro.com',0,'2017-09-26',1,0),(776,'E',6,1102,3,'Carlos','Lopez',25094870,'Carlos@Lopez.com',0,'2017-09-26',1,0),(777,'E',6,1201,2,'Carlos','Lopez',25764407,'Carlos@Lopez.com',0,'2017-09-26',1,0),(778,'E',6,1202,3,'Mara','Barroso',25040287,'Mara@Barroso.com',0,'2017-09-26',1,0),(779,'E',6,1301,2,'Sergio','Sandoval',25184294,'Sergio@Sandoval.com',1,'2017-09-26',1,0),(780,'E',6,1302,3,'Sara','Bravo',25244124,'Sara@Bravo.com',0,'2017-09-26',1,0),(781,'F',1,103,2,'Sara','Morales',25366917,'Sara@Morales.com',0,'2017-09-26',1,0),(782,'F',1,104,3,'Silvia','Bermudez',25506674,'Silvia@Bermudez.com',0,'2017-09-26',1,0),(783,'F',1,203,2,'Alejandro','Martinez',25049236,'Alejandro@Martinez.com',0,'2017-09-26',1,0),(784,'F',1,204,3,'Marta','Barroso',25794816,'Marta@Barroso.com',0,'2017-09-26',1,0),(785,'F',1,303,2,'Mara','Avila',25646407,'Mara@Avila.com',0,'2017-09-26',1,0),(786,'F',1,304,3,'Paula','Garcia',25962770,'Paula@Garcia.com',1,'2017-09-26',1,0),(787,'F',1,403,2,'Alejandro','Lubo',25525952,'Alejandro@Lubo.com',0,'2017-09-26',1,0),(788,'F',1,404,3,'Javier','Atencio',25713980,'Javier@Atencio.com',0,'2017-09-26',1,0),(789,'F',1,503,2,'Eva','Pieiro',25389913,'Eva@Pieiro.com',0,'2017-09-26',1,0),(790,'F',1,504,3,'Jos','Atencio',25138383,'Jos@Atencio.com',0,'2017-09-26',1,0),(791,'F',1,603,2,'Marta','Lubo',25289467,'Marta@Lubo.com',1,'2017-09-26',1,0),(792,'F',1,604,3,'Mara','Mendez',25797298,'Mara@Mendez.com',0,'2017-09-26',1,0),(793,'F',1,703,2,'Silvia','Ramos',25890115,'Silvia@Ramos.com',0,'2017-09-26',1,0),(794,'F',1,704,3,'Eva','Morillo',25840623,'Eva@Morillo.com',1,'2017-09-26',1,0),(795,'F',1,803,2,'Pablo','Lisboa',25832271,'Pablo@Lisboa.com',0,'2017-09-26',1,0),(796,'F',1,804,3,'Pablo','Ramos',25806328,'Pablo@Ramos.com',1,'2017-09-26',1,0),(797,'F',1,903,2,'David','Barroso',25690774,'David@Barroso.com',1,'2017-09-26',1,0),(798,'F',1,904,3,'Sara','Morillo',25694711,'Sara@Morillo.com',0,'2017-09-26',1,0),(799,'F',1,1003,2,'Luca','Sandoval',25289611,'Luca@Sandoval.com',0,'2017-09-26',1,0),(800,'F',1,1004,3,'David','Avila',25866657,'David@Avila.com',1,'2017-09-26',1,0),(801,'F',1,1103,2,'David','Lubo',25195079,'David@Lubo.com',0,'2017-09-26',1,0),(802,'F',1,1104,3,'Jos','Sandoval',25945543,'Jos@Sandoval.com',0,'2017-09-26',1,0),(803,'F',1,1203,2,'Daniel','Lisboa',25981450,'Daniel@Lisboa.com',1,'2017-09-26',1,0),(804,'F',1,1204,3,'Paula','Garcia',25411927,'Paula@Garcia.com',0,'2017-09-26',1,0),(805,'F',1,1303,2,'Javier','Ramos',25495514,'Javier@Ramos.com',1,'2017-09-26',1,0),(806,'F',1,1304,3,'Carlos','Avila',25785617,'Carlos@Avila.com',0,'2017-09-26',1,0),(807,'F',2,101,2,'Sara','Rodriguez',25295848,'Sara@Rodriguez.com',0,'2017-09-26',1,0),(808,'F',2,102,3,'Javier','Lisboa',25760557,'Javier@Lisboa.com',0,'2017-09-26',1,0),(809,'F',2,201,2,'David','Lopez',25576310,'David@Lopez.com',1,'2017-09-26',1,0),(810,'F',2,202,3,'Silvia','Lisboa',25285727,'Silvia@Lisboa.com',0,'2017-09-26',1,0),(811,'F',2,301,2,'Elena','Avila',25397639,'Elena@Avila.com',0,'2017-09-26',1,0),(812,'F',2,302,3,'Marta','Mendez',25528682,'Marta@Mendez.com',1,'2017-09-26',1,0),(813,'F',2,401,2,'Paula','Morillo',25589901,'Paula@Morillo.com',0,'2017-09-26',1,0),(814,'F',2,402,3,'Silvia','Morales',25800845,'Silvia@Morales.com',0,'2017-09-26',1,0),(815,'F',2,501,2,'Sara','Morillo',25912357,'Sara@Morillo.com',0,'2017-09-26',1,0),(816,'F',2,502,3,'Luca','Lopez',25624424,'Luca@Lopez.com',0,'2017-09-26',1,0),(817,'F',2,601,2,'Elena','Mendez',25331572,'Elena@Mendez.com',0,'2017-09-26',1,0),(818,'F',2,602,3,'Marta','Mendez',25809912,'Marta@Mendez.com',1,'2017-09-26',1,0),(819,'F',2,701,2,'Luca','Martinez',25620866,'Luca@Martinez.com',0,'2017-09-26',1,0),(820,'F',2,702,3,'Luca','Pieiro',25866813,'Luca@Pieiro.com',0,'2017-09-26',1,0),(821,'F',2,801,2,'Diego','Lisboa',25203502,'Diego@Lisboa.com',1,'2017-09-26',1,0),(822,'F',2,802,3,'Marta','Cruz',25700136,'Marta@Cruz.com',0,'2017-09-26',1,0),(823,'F',2,901,2,'David','Morales',25427251,'David@Morales.com',0,'2017-09-26',1,0),(824,'F',2,902,3,'Marta','Martinez',25548304,'Marta@Martinez.com',1,'2017-09-26',1,0),(825,'F',2,1001,2,'Diego','Martinez',25295769,'Diego@Martinez.com',0,'2017-09-26',1,0),(826,'F',2,1002,3,'Silvia','Atencio',25674891,'Silvia@Atencio.com',1,'2017-09-26',1,0),(827,'F',2,1101,2,'Alejandro','Pieiro',25731078,'Alejandro@Pieiro.com',0,'2017-09-26',1,0),(828,'F',2,1102,3,'Raquel','Morales',25154577,'Raquel@Morales.com',1,'2017-09-26',1,0),(829,'F',2,1201,2,'Mara','Rodriguez',25205715,'Mara@Rodriguez.com',1,'2017-09-26',1,0),(830,'F',2,1202,3,'Paula','Pieiro',25866536,'Paula@Pieiro.com',1,'2017-09-26',1,0),(831,'F',2,1301,2,'Mara','Lubo',25765044,'Mara@Lubo.com',1,'2017-09-26',1,0),(832,'F',2,1302,3,'Silvia','Barroso',25152312,'Silvia@Barroso.com',1,'2017-09-26',1,0),(833,'F',3,103,2,'Mara','Morales',25518861,'Mara@Morales.com',1,'2017-09-26',1,0),(834,'F',3,104,3,'Laura','Bravo',25941333,'Laura@Bravo.com',0,'2017-09-26',1,0),(835,'F',3,203,2,'Paula','Sandoval',25220621,'Paula@Sandoval.com',0,'2017-09-26',1,0),(836,'F',3,204,3,'Pablo','Perez',25355802,'Pablo@Perez.com',0,'2017-09-26',1,0),(837,'F',3,303,2,'Javier','Lopez',25432884,'Javier@Lopez.com',1,'2017-09-26',1,0),(838,'F',3,304,3,'Carlos','Barroso',25272257,'Carlos@Barroso.com',1,'2017-09-26',1,0),(839,'F',3,403,2,'David','Martinez',25162681,'David@Martinez.com',0,'2017-09-26',1,0),(840,'F',3,404,3,'Sara','Perez',25744844,'Sara@Perez.com',0,'2017-09-26',1,0),(841,'F',3,503,2,'Javier','Atencio',25395613,'Javier@Atencio.com',0,'2017-09-26',1,0),(842,'F',3,504,3,'Daniel','Avila',25440934,'Daniel@Avila.com',0,'2017-09-26',1,0),(843,'F',3,603,2,'Javier','Avila',25794439,'Javier@Avila.com',1,'2017-09-26',1,0),(844,'F',3,604,3,'Raquel','Morales',25245411,'Raquel@Morales.com',0,'2017-09-26',1,0),(845,'F',3,703,2,'Sergio','Morillo',25480456,'Sergio@Morillo.com',1,'2017-09-26',1,0),(846,'F',3,704,3,'Marta','Rivera',25506518,'Marta@Rivera.com',0,'2017-09-26',1,0),(847,'F',3,803,2,'Sara','Rivera',25975162,'Sara@Rivera.com',1,'2017-09-26',1,0),(848,'F',3,804,3,'Raquel','Rodriguez',25685042,'Raquel@Rodriguez.com',1,'2017-09-26',1,0),(849,'F',3,903,2,'Silvia','Lopez',25189271,'Silvia@Lopez.com',0,'2017-09-26',1,0),(850,'F',3,904,3,'Elena','Pieiro',25271124,'Elena@Pieiro.com',1,'2017-09-26',1,0),(851,'F',3,1003,2,'Elena','Mendez',25574006,'Elena@Mendez.com',0,'2017-09-26',1,0),(852,'F',3,1004,3,'Sara','Atencio',25414580,'Sara@Atencio.com',0,'2017-09-26',1,0),(853,'F',3,1103,2,'Laura','Lopez',25994303,'Laura@Lopez.com',1,'2017-09-26',1,0),(854,'F',3,1104,3,'Marta','Lopez',25377134,'Marta@Lopez.com',1,'2017-09-26',1,0),(855,'F',3,1203,2,'Laura','Avila',25116636,'Laura@Avila.com',0,'2017-09-26',1,0),(856,'F',3,1204,3,'David','Mendez',25601474,'David@Mendez.com',0,'2017-09-26',1,0),(857,'F',3,1303,2,'Javier','Atencio',25673417,'Javier@Atencio.com',0,'2017-09-26',1,0),(858,'F',3,1304,3,'Laura','Mendez',25905375,'Laura@Mendez.com',1,'2017-09-26',1,0),(859,'F',4,101,2,'Laura','Rivera',25082527,'Laura@Rivera.com',0,'2017-09-26',1,0),(860,'F',4,102,3,'Raquel','Ramos',25726891,'Raquel@Ramos.com',1,'2017-09-26',1,0),(861,'F',4,201,2,'Javier','Lisboa',25817914,'Javier@Lisboa.com',0,'2017-09-26',1,0),(862,'F',4,202,3,'Marta','Morales',25130532,'Marta@Morales.com',0,'2017-09-26',1,0),(863,'F',4,301,2,'Javier','Rodriguez',25543744,'Javier@Rodriguez.com',1,'2017-09-26',1,0),(864,'F',4,302,3,'David','Barroso',25183681,'David@Barroso.com',0,'2017-09-26',1,0),(865,'F',4,401,2,'Paula','Lopez',25567291,'Paula@Lopez.com',1,'2017-09-26',1,0),(866,'F',4,402,3,'Silvia','Ramos',25950402,'Silvia@Ramos.com',0,'2017-09-26',1,0),(867,'F',4,501,2,'Raquel','Lubo',25690442,'Raquel@Lubo.com',1,'2017-09-26',1,0),(868,'F',4,502,3,'Laura','Rivera',25329299,'Laura@Rivera.com',0,'2017-09-26',1,0),(869,'F',4,601,2,'Diego','Morales',25336337,'Diego@Morales.com',1,'2017-09-26',1,0),(870,'F',4,602,3,'Eva','Mendez',25104284,'Eva@Mendez.com',0,'2017-09-26',1,0),(871,'F',4,701,2,'Pablo','Sandoval',25251138,'Pablo@Sandoval.com',1,'2017-09-26',1,0),(872,'F',4,702,3,'Pablo','Lopez',25128172,'Pablo@Lopez.com',0,'2017-09-26',1,0),(873,'F',4,801,2,'Pablo','Bravo',25689734,'Pablo@Bravo.com',1,'2017-09-26',1,0),(874,'F',4,802,3,'Luca','Pieiro',25538182,'Luca@Pieiro.com',0,'2017-09-26',1,0),(875,'F',4,901,2,'Alejandro','Rodriguez',25845881,'Alejandro@Rodriguez.com',0,'2017-09-26',1,0),(876,'F',4,902,3,'Sergio','Rivera',25607354,'Sergio@Rivera.com',0,'2017-09-26',1,0),(877,'F',4,1001,2,'David','Cruz',25907131,'David@Cruz.com',1,'2017-09-26',1,0),(878,'F',4,1002,3,'Eva','Perez',25383814,'Eva@Perez.com',0,'2017-09-26',1,0),(879,'F',4,1101,2,'Raquel','Garcia',25891807,'Raquel@Garcia.com',0,'2017-09-26',1,0),(880,'F',4,1102,3,'Luca','Perez',25749195,'Luca@Perez.com',0,'2017-09-26',1,0),(881,'F',4,1201,2,'Alejandro','Garcia',25161167,'Alejandro@Garcia.com',0,'2017-09-26',1,0),(882,'F',4,1202,3,'Alejandro','Avila',25652056,'Alejandro@Avila.com',0,'2017-09-26',1,0),(883,'F',4,1301,2,'Carlos','Morales',25670124,'Carlos@Morales.com',0,'2017-09-26',1,0),(884,'F',4,1302,3,'Laura','Barroso',25638093,'Laura@Barroso.com',1,'2017-09-26',1,0),(885,'F',5,103,2,'Daniel','Mendez',25725261,'Daniel@Mendez.com',0,'2017-09-26',1,0),(886,'F',5,104,3,'Jos','Pieiro',25822766,'Jos@Pieiro.com',1,'2017-09-26',1,0),(887,'F',5,203,2,'Diego','Bravo',25988150,'Diego@Bravo.com',0,'2017-09-26',1,0),(888,'F',5,204,3,'Sergio','Garcia',25845578,'Sergio@Garcia.com',0,'2017-09-26',1,0),(889,'F',5,303,2,'Sara','Rivera',25676535,'Sara@Rivera.com',0,'2017-09-26',1,0),(890,'F',5,304,3,'Javier','Rodriguez',25320886,'Javier@Rodriguez.com',0,'2017-09-26',1,0),(891,'F',5,403,2,'Sara','Martinez',25977932,'Sara@Martinez.com',1,'2017-09-26',1,0),(892,'F',5,404,3,'Alejandro','Lubo',25995820,'Alejandro@Lubo.com',0,'2017-09-26',1,0),(893,'F',5,503,2,'Javier','Bermudez',25764265,'Javier@Bermudez.com',1,'2017-09-26',1,0),(894,'F',5,504,3,'Jos','Lisboa',25804672,'Jos@Lisboa.com',1,'2017-09-26',1,0),(895,'F',5,603,2,'Raquel','Rivera',25403941,'Raquel@Rivera.com',1,'2017-09-26',1,0),(896,'F',5,604,3,'Marta','Atencio',25108989,'Marta@Atencio.com',0,'2017-09-26',1,0),(897,'F',5,703,2,'Jos','Martinez',25995083,'Jos@Martinez.com',0,'2017-09-26',1,0),(898,'F',5,704,3,'Javier','Martinez',25076921,'Javier@Martinez.com',0,'2017-09-26',1,0),(899,'F',5,803,2,'Eva','Ramos',25560737,'Eva@Ramos.com',0,'2017-09-26',1,0),(900,'F',5,804,3,'Javier','Cruz',25895586,'Javier@Cruz.com',0,'2017-09-26',1,0),(901,'F',5,903,2,'Daniel','Atencio',25860615,'Daniel@Atencio.com',1,'2017-09-26',1,0),(902,'F',5,904,3,'Jorge','Cruz',25041006,'Jorge@Cruz.com',0,'2017-09-26',1,0),(903,'F',5,1003,2,'Elena','Mendez',25960508,'Elena@Mendez.com',0,'2017-09-26',1,0),(904,'F',5,1004,3,'Elena','Pieiro',25231002,'Elena@Pieiro.com',1,'2017-09-26',1,0),(905,'F',5,1103,2,'Diego','Avila',25675331,'Diego@Avila.com',0,'2017-09-26',1,0),(906,'F',5,1104,3,'Eva','Sandoval',25960699,'Eva@Sandoval.com',0,'2017-09-26',1,0),(907,'F',5,1203,2,'Paula','Morillo',25545380,'Paula@Morillo.com',0,'2017-09-26',1,0),(908,'F',5,1204,3,'Laura','Lubo',25328558,'Laura@Lubo.com',1,'2017-09-26',1,0),(909,'F',5,1303,2,'Alejandro','Morales',25015281,'Alejandro@Morales.com',1,'2017-09-26',1,0),(910,'F',5,1304,3,'Eva','Lopez',25649744,'Eva@Lopez.com',1,'2017-09-26',1,0),(911,'F',6,101,2,'Laura','Ramos',25958379,'Laura@Ramos.com',1,'2017-09-26',1,0),(912,'F',6,102,3,'Silvia','Barroso',25228075,'Silvia@Barroso.com',0,'2017-09-26',1,0),(913,'F',6,201,2,'Diego','Atencio',25786068,'Diego@Atencio.com',0,'2017-09-26',1,0),(914,'F',6,202,3,'Pablo','Morillo',25562739,'Pablo@Morillo.com',0,'2017-09-26',1,0),(915,'F',6,301,2,'Raquel','Avila',25394866,'Raquel@Avila.com',1,'2017-09-26',1,0),(916,'F',6,302,3,'Laura','Barroso',25755648,'Laura@Barroso.com',1,'2017-09-26',1,0),(917,'F',6,401,2,'David','Pieiro',25193391,'David@Pieiro.com',1,'2017-09-26',1,0),(918,'F',6,402,3,'Eva','Bravo',25986007,'Eva@Bravo.com',1,'2017-09-26',1,0),(919,'F',6,501,2,'Elena','Morales',25447349,'Elena@Morales.com',1,'2017-09-26',1,0),(920,'F',6,502,3,'Marta','Rodriguez',25079334,'Marta@Rodriguez.com',0,'2017-09-26',1,0),(921,'F',6,601,2,'Diego','Bravo',25458471,'Diego@Bravo.com',0,'2017-09-26',1,0),(922,'F',6,602,3,'Paula','Morales',25563363,'Paula@Morales.com',0,'2017-09-26',1,0),(923,'F',6,701,2,'Carlos','Lubo',25238453,'Carlos@Lubo.com',1,'2017-09-26',1,0),(924,'F',6,702,3,'Jorge','Cruz',25916849,'Jorge@Cruz.com',1,'2017-09-26',1,0),(925,'F',6,801,2,'Mara','Sandoval',25579486,'Mara@Sandoval.com',0,'2017-09-26',1,0),(926,'F',6,802,3,'Elena','Rivera',25752371,'Elena@Rivera.com',0,'2017-09-26',1,0),(927,'F',6,901,2,'Sara','Lopez',25347498,'Sara@Lopez.com',0,'2017-09-26',1,0),(928,'F',6,902,3,'Raquel','Mendez',25453159,'Raquel@Mendez.com',0,'2017-09-26',1,0),(929,'F',6,1001,2,'Diego','Rivera',25617043,'Diego@Rivera.com',0,'2017-09-26',1,0),(930,'F',6,1002,3,'Mara','Lisboa',25665534,'Mara@Lisboa.com',0,'2017-09-26',1,0),(931,'F',6,1101,2,'Luca','Rivera',25120581,'Luca@Rivera.com',0,'2017-09-26',1,0),(932,'F',6,1102,3,'Sara','Avila',25808151,'Sara@Avila.com',1,'2017-09-26',1,0),(933,'F',6,1201,2,'Silvia','Bravo',25780589,'Silvia@Bravo.com',0,'2017-09-26',1,0),(934,'F',6,1202,3,'Marta','Perez',25447223,'Marta@Perez.com',0,'2017-09-26',1,0),(935,'F',6,1301,2,'Marta','Lisboa',25495728,'Marta@Lisboa.com',0,'2017-09-26',1,0),(936,'F',6,1302,3,'Sergio','Rodriguez',25507665,'Sergio@Rodriguez.com',1,'2017-09-26',1,0),(937,'A',1,101,2,'Jorge','Martinez',25995553,'Jorge@Martinez.com',0,'2017-09-26',1,0);
/*!40000 ALTER TABLE `unidad` ENABLE KEYS */;
UNLOCK TABLES;

--
-- Table structure for table `urgencia`
--

DROP TABLE IF EXISTS `urgencia`;
/*!40101 SET @saved_cs_client     = @@character_set_client */;
/*!40101 SET character_set_client = utf8 */;
CREATE TABLE `urgencia` (
  `idurgencia` int(11) NOT NULL,
  `nombre` varchar(45) DEFAULT NULL,
  `descripcion` varchar(80) DEFAULT NULL,
  `activo` tinyint(1) NOT NULL,
  PRIMARY KEY (`idurgencia`)
) ENGINE=InnoDB DEFAULT CHARSET=utf8;
/*!40101 SET character_set_client = @saved_cs_client */;

--
-- Dumping data for table `urgencia`
--

LOCK TABLES `urgencia` WRITE;
/*!40000 ALTER TABLE `urgencia` DISABLE KEYS */;
INSERT INTO `urgencia` VALUES (0,'Normal','Normal',1),(1,'Baja','Baja',1),(10,'Alta','Alta',1),(11,'Urgente','Urgente',1);
/*!40000 ALTER TABLE `urgencia` ENABLE KEYS */;
UNLOCK TABLES;

--
-- Table structure for table `usuario`
--

DROP TABLE IF EXISTS `usuario`;
/*!40101 SET @saved_cs_client     = @@character_set_client */;
/*!40101 SET character_set_client = utf8 */;
CREATE TABLE `usuario` (
  `idUsuario` int(11) NOT NULL,
  `nombre` varchar(45) NOT NULL,
  `password` varchar(100) DEFAULT NULL,
  `tipoUsuario_id` int(11) NOT NULL,
  `activo` tinyint(1) NOT NULL,
  `salt` varchar(100) DEFAULT NULL,
  PRIMARY KEY (`idUsuario`,`nombre`),
  KEY `fk_Usuario_tipoUsuario1_idx` (`tipoUsuario_id`),
  CONSTRAINT `fk_Usuario_tipoUsuario1` FOREIGN KEY (`tipoUsuario_id`) REFERENCES `tipousuario` (`id`) ON DELETE NO ACTION ON UPDATE NO ACTION
) ENGINE=InnoDB DEFAULT CHARSET=utf8;
/*!40101 SET character_set_client = @saved_cs_client */;

--
-- Dumping data for table `usuario`
--

LOCK TABLES `usuario` WRITE;
/*!40000 ALTER TABLE `usuario` DISABLE KEYS */;
INSERT INTO `usuario` VALUES (0,'awe','asd',5,1,NULL),(1,'asd','AeYUib8ZaOxz/w9Bmvv1UgV3C5W9pn5IOXWKcaDBdBc=',1,1,'MlZUiZHGpkpaDdQNaps/vw=='),(2,'test','K/ZBnpa64LjN98NoG/2AKNwAaMMmlYGCEfg2RE4VxOA=',1,1,'vZ90xyJ9/0LHNkQ04gQMXg=='),(4,'qwe','Wni4EPj+YTfqmOXa2X8fnE8za4BQh2t99O0LGLHctCA=',2,1,'fCOpILQeoc7UAjvnLtdlOg=='),(5,'123','F3hY3AdA14LNm42BW2rDDc7hPMutmnNN37axmGRpDOY=',2,1,'DXLxKjrynPDtE9tlHbGLHw==');
/*!40000 ALTER TABLE `usuario` ENABLE KEYS */;
UNLOCK TABLES;
/*!40103 SET TIME_ZONE=@OLD_TIME_ZONE */;

/*!40101 SET SQL_MODE=@OLD_SQL_MODE */;
/*!40014 SET FOREIGN_KEY_CHECKS=@OLD_FOREIGN_KEY_CHECKS */;
/*!40014 SET UNIQUE_CHECKS=@OLD_UNIQUE_CHECKS */;
/*!40101 SET CHARACTER_SET_CLIENT=@OLD_CHARACTER_SET_CLIENT */;
/*!40101 SET CHARACTER_SET_RESULTS=@OLD_CHARACTER_SET_RESULTS */;
/*!40101 SET COLLATION_CONNECTION=@OLD_COLLATION_CONNECTION */;
/*!40111 SET SQL_NOTES=@OLD_SQL_NOTES */;

-- Dump completed on 2017-11-07 23:19:23
